1001,eyJhbGciOiJIUzI1NiJ9.eyJ1c2VySWQiOjEwMDEsImlhdCI6MTc1NTc4NTMwMiwiZXhwIjoxNzU1ODcxNzAyfQ.Fhrq3BLaYaWvjdoGhYb7eNEqgMhES7v-oHmXnV9KYsQ
1002,eyJhbGciOiJIUzI1NiJ9.eyJ1c2VySWQiOjEwMDIsImlhdCI6MTc1NTc4NTMwMiwiZXhwIjoxNzU1ODcxNzAyfQ.WvLSsg3xpqigg5rz0spqP7SUvi8-ka6AyRssjCUEUM4
1003,eyJhbGciOiJIUzI1NiJ9.eyJ1c2VySWQiOjEwMDMsImlhdCI6MTc1NTc4NTMwMiwiZXhwIjoxNzU1ODcxNzAyfQ.5_a0hhNpVvwqpao2KiEw5Wazqvq-1HGRVL0Lgw1VPmk
1004,eyJhbGciOiJIUzI1NiJ9.eyJ1c2VySWQiOjEwMDQsImlhdCI6MTc1NTc4NTMwMiwiZXhwIjoxNzU1ODcxNzAyfQ.oJ0Og1FTekcs4-W4L4amo0a8002B3MfFMiPIxUYOXdc
1005,eyJhbGciOiJIUzI1NiJ9.eyJ1c2VySWQiOjEwMDUsImlhdCI6MTc1NTc4NTMwMiwiZXhwIjoxNzU1ODcxNzAyfQ.cpyfqyGFAUX1i6zKsF2855HQmVcHTYjWdn5aL-iJo54
1006,eyJhbGciOiJIUzI1NiJ9.eyJ1c2VySWQiOjEwMDYsImlhdCI6MTc1NTc4NTMwMywiZXhwIjoxNzU1ODcxNzAzfQ.CW7M9ywMphk4prju1BGGZFnW9ub0Ua6hKGptN_uooqU
1007,eyJhbGciOiJIUzI1NiJ9.eyJ1c2VySWQiOjEwMDcsImlhdCI6MTc1NTc4NTMwMywiZXhwIjoxNzU1ODcxNzAzfQ.J1fT5bORO8iaGHXaHiiU9zwPr7__xRypUZ06YJAa1GU
1008,eyJhbGciOiJIUzI1NiJ9.eyJ1c2VySWQiOjEwMDgsImlhdCI6MTc1NTc4NTMwMywiZXhwIjoxNzU1ODcxNzAzfQ.79FoEo6y8N-ueKyFHqMl0e4NLaxUCAbGCtwd8AP_m68
1009,eyJhbGciOiJIUzI1NiJ9.eyJ1c2VySWQiOjEwMDksImlhdCI6MTc1NTc4NTMwMywiZXhwIjoxNzU1ODcxNzAzfQ.RBv3f68Vx4v-v4AFCKmIcS5XL2TRcBb72I7aHen1Yd8
1010,eyJhbGciOiJIUzI1NiJ9.eyJ1c2VySWQiOjEwMTAsImlhdCI6MTc1NTc4NTMwMywiZXhwIjoxNzU1ODcxNzAzfQ.NhfXLwQr-F8y81jgLUZ9jJY1-eiOtIb_9svAxUGhrQg
1011,eyJhbGciOiJIUzI1NiJ9.eyJ1c2VySWQiOjEwMTEsImlhdCI6MTc1NTc4NTMwMywiZXhwIjoxNzU1ODcxNzAzfQ.wGzmOPK_hZCIBv6tFJtI4Bw18D2Tta8ivlKOYr5APn4
1012,eyJhbGciOiJIUzI1NiJ9.eyJ1c2VySWQiOjEwMTIsImlhdCI6MTc1NTc4NTMwMywiZXhwIjoxNzU1ODcxNzAzfQ.MW4YZIbGoLLUB_gcEMMhSIKjo-mnKXZnZCG2pYQ5XmU
1013,eyJhbGciOiJIUzI1NiJ9.eyJ1c2VySWQiOjEwMTMsImlhdCI6MTc1NTc4NTMwMywiZXhwIjoxNzU1ODcxNzAzfQ.shqhFcv8u0OxRO8hP2OVe25q83SdzjQA_O7t39ueQew
1014,eyJhbGciOiJIUzI1NiJ9.eyJ1c2VySWQiOjEwMTQsImlhdCI6MTc1NTc4NTMwNCwiZXhwIjoxNzU1ODcxNzA0fQ.jg0KaTqrqNi0VkEgeMETY1prfmwSsrFsmvXc3JVgWIA
1015,eyJhbGciOiJIUzI1NiJ9.eyJ1c2VySWQiOjEwMTUsImlhdCI6MTc1NTc4NTMwNCwiZXhwIjoxNzU1ODcxNzA0fQ.U07SRE5nVOLUry-ElcRzcQXBydT_NVXs44sz4BC9EDI
1016,eyJhbGciOiJIUzI1NiJ9.eyJ1c2VySWQiOjEwMTYsImlhdCI6MTc1NTc4NTMwNCwiZXhwIjoxNzU1ODcxNzA0fQ.vcadJOpVvOj_lrzi5UMMmSvMMCcGLxNz1HDJhukznfA
1017,eyJhbGciOiJIUzI1NiJ9.eyJ1c2VySWQiOjEwMTcsImlhdCI6MTc1NTc4NTMwNCwiZXhwIjoxNzU1ODcxNzA0fQ.vWCMbcAcnj9REYLt2uWXCIOj284wWnFs1JsdsSbQhcs
1018,eyJhbGciOiJIUzI1NiJ9.eyJ1c2VySWQiOjEwMTgsImlhdCI6MTc1NTc4NTMwNCwiZXhwIjoxNzU1ODcxNzA0fQ.h9Xxnzb4__5OyH4UGoCAc7Ax6U5we-f6H4PywJxjq2U
1019,eyJhbGciOiJIUzI1NiJ9.eyJ1c2VySWQiOjEwMTksImlhdCI6MTc1NTc4NTMwNCwiZXhwIjoxNzU1ODcxNzA0fQ.L_G4VoAWm6vBn99bS9E5wnrR1j_mvo1gFEO07Yt6b04
1020,eyJhbGciOiJIUzI1NiJ9.eyJ1c2VySWQiOjEwMjAsImlhdCI6MTc1NTc4NTMwNCwiZXhwIjoxNzU1ODcxNzA0fQ.ebF_25VrkXlQ-bkdgSS9qSmjs7U48oHpjfYOVyUuwVs
1021,eyJhbGciOiJIUzI1NiJ9.eyJ1c2VySWQiOjEwMjEsImlhdCI6MTc1NTc4NTMwNSwiZXhwIjoxNzU1ODcxNzA1fQ.g3OYIicGwpntDp3uD9EA_5HXYSUNd-B1TXl_Oqow7Dg
1022,eyJhbGciOiJIUzI1NiJ9.eyJ1c2VySWQiOjEwMjIsImlhdCI6MTc1NTc4NTMwNSwiZXhwIjoxNzU1ODcxNzA1fQ.5hunzcHk7kLFDkxSGcehdiuGVcRmPSZmA84y-fHKTl0
1023,eyJhbGciOiJIUzI1NiJ9.eyJ1c2VySWQiOjEwMjMsImlhdCI6MTc1NTc4NTMwNSwiZXhwIjoxNzU1ODcxNzA1fQ.FH2wRcyAZJeCdtjd6uIzS_n_cpJsKB9B1CH4Ejf1oxs
1024,eyJhbGciOiJIUzI1NiJ9.eyJ1c2VySWQiOjEwMjQsImlhdCI6MTc1NTc4NTMwNSwiZXhwIjoxNzU1ODcxNzA1fQ.7bPJQR9xXp3b3LibVUj5lPwkdKnVBmQIkhyUX5mArEw
1025,eyJhbGciOiJIUzI1NiJ9.eyJ1c2VySWQiOjEwMjUsImlhdCI6MTc1NTc4NTMwNSwiZXhwIjoxNzU1ODcxNzA1fQ.siLt4aNhfFxzWp_DLxI4VYyNUHFc_0IrO2ROu0ccZQw
1026,eyJhbGciOiJIUzI1NiJ9.eyJ1c2VySWQiOjEwMjYsImlhdCI6MTc1NTc4NTMwNSwiZXhwIjoxNzU1ODcxNzA1fQ.g-Bs-Y6F7XuFE27xyGgFpZad3tpUMg8IIhNUtDlaaPc
1027,eyJhbGciOiJIUzI1NiJ9.eyJ1c2VySWQiOjEwMjcsImlhdCI6MTc1NTc4NTMwNSwiZXhwIjoxNzU1ODcxNzA1fQ.l4_UNFsI6fvbzkCzNY3kdj_y8stDnfHRgjLlIdZc_P0
1028,eyJhbGciOiJIUzI1NiJ9.eyJ1c2VySWQiOjEwMjgsImlhdCI6MTc1NTc4NTMwNiwiZXhwIjoxNzU1ODcxNzA2fQ.4erK5l1-j62099l83LbqSLR0a3LqnRysNhUjIpiqQpY
1029,eyJhbGciOiJIUzI1NiJ9.eyJ1c2VySWQiOjEwMjksImlhdCI6MTc1NTc4NTMwNiwiZXhwIjoxNzU1ODcxNzA2fQ.ILmRSLmQzQj76x7CF5mUKwYYs3-wgl8DrbO5IAYvc-M
1030,eyJhbGciOiJIUzI1NiJ9.eyJ1c2VySWQiOjEwMzAsImlhdCI6MTc1NTc4NTMwNiwiZXhwIjoxNzU1ODcxNzA2fQ.Ep4l_FPa__s0g18E3Cqf7EQ-5IwS-5qnMwP4yM_T8dM
1031,eyJhbGciOiJIUzI1NiJ9.eyJ1c2VySWQiOjEwMzEsImlhdCI6MTc1NTc4NTMwNiwiZXhwIjoxNzU1ODcxNzA2fQ.qoM8aNaCACFbAzvSZZlm-w-xhfJUiZvJfVYWQoY5urM
1032,eyJhbGciOiJIUzI1NiJ9.eyJ1c2VySWQiOjEwMzIsImlhdCI6MTc1NTc4NTMwNiwiZXhwIjoxNzU1ODcxNzA2fQ.6N-CJ82gov9LcO1LDIRhv7gOELbSSoz0zyEV3jZj_y8
1033,eyJhbGciOiJIUzI1NiJ9.eyJ1c2VySWQiOjEwMzMsImlhdCI6MTc1NTc4NTMwNiwiZXhwIjoxNzU1ODcxNzA2fQ.dGFZGVYGT5FJMZB94gS5WRw2IVE36dKavgWMY8WQrx4
1034,eyJhbGciOiJIUzI1NiJ9.eyJ1c2VySWQiOjEwMzQsImlhdCI6MTc1NTc4NTMwNiwiZXhwIjoxNzU1ODcxNzA2fQ.vdHgciygtfiypMHtZ68wcBCHaha3SDJfvwv7YA3JxGU
1035,eyJhbGciOiJIUzI1NiJ9.eyJ1c2VySWQiOjEwMzUsImlhdCI6MTc1NTc4NTMwNiwiZXhwIjoxNzU1ODcxNzA2fQ.QRkrIZkJ9L8ktUb4bWWMySNL54eqO107X9jyTN-p8G0
1036,eyJhbGciOiJIUzI1NiJ9.eyJ1c2VySWQiOjEwMzYsImlhdCI6MTc1NTc4NTMwNywiZXhwIjoxNzU1ODcxNzA3fQ.4LX16RVTH1SXufwV30hq4yclAuv5HOAOctFre_-Ulf8
1037,eyJhbGciOiJIUzI1NiJ9.eyJ1c2VySWQiOjEwMzcsImlhdCI6MTc1NTc4NTMwNywiZXhwIjoxNzU1ODcxNzA3fQ.dconS7y48SATcnyrX-svGWVbHjzbrdsbfTIF2JpoZME
1038,eyJhbGciOiJIUzI1NiJ9.eyJ1c2VySWQiOjEwMzgsImlhdCI6MTc1NTc4NTMwNywiZXhwIjoxNzU1ODcxNzA3fQ.1xJo6l-j40g_mLTGhssZJ4-kQPDWbxqi_YDvWHAl8bc
1039,eyJhbGciOiJIUzI1NiJ9.eyJ1c2VySWQiOjEwMzksImlhdCI6MTc1NTc4NTMwNywiZXhwIjoxNzU1ODcxNzA3fQ.gZkXIcy22EVWOm0j7laZfle1M5zkFnUtSiYi-xFiefY
1040,eyJhbGciOiJIUzI1NiJ9.eyJ1c2VySWQiOjEwNDAsImlhdCI6MTc1NTc4NTMwNywiZXhwIjoxNzU1ODcxNzA3fQ.nT2XTOEsqo0Wu1ZJZNYZwwIXORxc_FK0bufec8toa_Q
1041,eyJhbGciOiJIUzI1NiJ9.eyJ1c2VySWQiOjEwNDEsImlhdCI6MTc1NTc4NTMwNywiZXhwIjoxNzU1ODcxNzA3fQ.4KkfmCQ5VMTCEhmLQS2dcKMAL7DSCypidW5qaX0FqFY
1042,eyJhbGciOiJIUzI1NiJ9.eyJ1c2VySWQiOjEwNDIsImlhdCI6MTc1NTc4NTMwNywiZXhwIjoxNzU1ODcxNzA3fQ.6IMwPX5lcitaZ3fvj7yhxWuFabTuRByyvjN0CBEYk1M
1043,eyJhbGciOiJIUzI1NiJ9.eyJ1c2VySWQiOjEwNDMsImlhdCI6MTc1NTc4NTMwOCwiZXhwIjoxNzU1ODcxNzA4fQ.kizP_YHy1lypHwSTNn8D_Rgq9XwOxs_RLTzEB2w4kAk
1044,eyJhbGciOiJIUzI1NiJ9.eyJ1c2VySWQiOjEwNDQsImlhdCI6MTc1NTc4NTMwOCwiZXhwIjoxNzU1ODcxNzA4fQ.w-xuxrBHCzMxYYE5l8sp-KDSy8JWKpi6C56ZSO6ISOI
1045,eyJhbGciOiJIUzI1NiJ9.eyJ1c2VySWQiOjEwNDUsImlhdCI6MTc1NTc4NTMwOCwiZXhwIjoxNzU1ODcxNzA4fQ.nj22iYn0tWknIDYJdrn2FGwkEQeCUoDC6PrWFxkn_5U
1046,eyJhbGciOiJIUzI1NiJ9.eyJ1c2VySWQiOjEwNDYsImlhdCI6MTc1NTc4NTMwOCwiZXhwIjoxNzU1ODcxNzA4fQ.jiyAkCrsP87veM77PW3TV0fUlUDsR9tqpsBsHCZAcuU
1047,eyJhbGciOiJIUzI1NiJ9.eyJ1c2VySWQiOjEwNDcsImlhdCI6MTc1NTc4NTMwOCwiZXhwIjoxNzU1ODcxNzA4fQ.FiZhB_FnLRjwrlt8mIRaxJNbwsgOXWwTT-c8ubYUPas
1048,eyJhbGciOiJIUzI1NiJ9.eyJ1c2VySWQiOjEwNDgsImlhdCI6MTc1NTc4NTMwOCwiZXhwIjoxNzU1ODcxNzA4fQ._y5oRr4GxTrooTsIwDLIYK3sbX5dVjZ4a3-W3SEVyD8
1049,eyJhbGciOiJIUzI1NiJ9.eyJ1c2VySWQiOjEwNDksImlhdCI6MTc1NTc4NTMwOCwiZXhwIjoxNzU1ODcxNzA4fQ.PbUoK3T2yhIjfVX9RINgoxooKrfrr3EBTwG0VV4yVHw
1050,eyJhbGciOiJIUzI1NiJ9.eyJ1c2VySWQiOjEwNTAsImlhdCI6MTc1NTc4NTMwOSwiZXhwIjoxNzU1ODcxNzA5fQ.ALM9nrVJ5zlRr3MheOc-m0IyvWPQxGtQWFSK8ZaBHXA
1051,eyJhbGciOiJIUzI1NiJ9.eyJ1c2VySWQiOjEwNTEsImlhdCI6MTc1NTc4NTMwOSwiZXhwIjoxNzU1ODcxNzA5fQ.D9jCgzNdCaiAFngecCB9eTgpe3p2ylyMUA-LNbWWqAs
1052,eyJhbGciOiJIUzI1NiJ9.eyJ1c2VySWQiOjEwNTIsImlhdCI6MTc1NTc4NTMwOSwiZXhwIjoxNzU1ODcxNzA5fQ.MGVvI_wZ9qh9thssxCqTQXY9PVixKOoXZrecs1KoWys
1053,eyJhbGciOiJIUzI1NiJ9.eyJ1c2VySWQiOjEwNTMsImlhdCI6MTc1NTc4NTMwOSwiZXhwIjoxNzU1ODcxNzA5fQ.JEgwQiGvzWAUL6CKshoOTlXpt1FPIEFLO8guwI90w3w
1054,eyJhbGciOiJIUzI1NiJ9.eyJ1c2VySWQiOjEwNTQsImlhdCI6MTc1NTc4NTMwOSwiZXhwIjoxNzU1ODcxNzA5fQ.nIvTpFThdPNCWQVInSr_l7HCR9opiAyRIz_Sx_Zar1Y
1055,eyJhbGciOiJIUzI1NiJ9.eyJ1c2VySWQiOjEwNTUsImlhdCI6MTc1NTc4NTMwOSwiZXhwIjoxNzU1ODcxNzA5fQ.EViwW3Y7WIRgMlaWdnD5a5HqxNHb2eB_Q4EjkWphdPE
1056,eyJhbGciOiJIUzI1NiJ9.eyJ1c2VySWQiOjEwNTYsImlhdCI6MTc1NTc4NTMwOSwiZXhwIjoxNzU1ODcxNzA5fQ.KBa4n0pdzpY8yO9bwMR0l7GEsrobNvxllEYR6nNtDWI
1057,eyJhbGciOiJIUzI1NiJ9.eyJ1c2VySWQiOjEwNTcsImlhdCI6MTc1NTc4NTMxMCwiZXhwIjoxNzU1ODcxNzEwfQ.gSJqR8rsQEgt2DtlEBDZhGc3iWINjO4zV22KQjY3KlA
1058,eyJhbGciOiJIUzI1NiJ9.eyJ1c2VySWQiOjEwNTgsImlhdCI6MTc1NTc4NTMxMCwiZXhwIjoxNzU1ODcxNzEwfQ.4yH6DRwxIiTzyZfHU7J04oEFDFN-LcHsn-uUp5R5F-k
1059,eyJhbGciOiJIUzI1NiJ9.eyJ1c2VySWQiOjEwNTksImlhdCI6MTc1NTc4NTMxMCwiZXhwIjoxNzU1ODcxNzEwfQ.BXaZkRE1uVPsI7qneN7g2RAzC7FWtIiJsftpaVkMCJQ
1060,eyJhbGciOiJIUzI1NiJ9.eyJ1c2VySWQiOjEwNjAsImlhdCI6MTc1NTc4NTMxMCwiZXhwIjoxNzU1ODcxNzEwfQ._IyCrSYE8HoQ1rhgPzXIn2K3U1QoWwGYSibKICa4F_4
1061,eyJhbGciOiJIUzI1NiJ9.eyJ1c2VySWQiOjEwNjEsImlhdCI6MTc1NTc4NTMxMCwiZXhwIjoxNzU1ODcxNzEwfQ.ny_f_vOIroUhqHhmdklDX0KzE-Md8e5a5WGFYx2lFBA
1062,eyJhbGciOiJIUzI1NiJ9.eyJ1c2VySWQiOjEwNjIsImlhdCI6MTc1NTc4NTMxMCwiZXhwIjoxNzU1ODcxNzEwfQ.Zyl9S7YXVSuWNgZukFK4qRtE--7k9wPBcEEyvvEidaA
1063,eyJhbGciOiJIUzI1NiJ9.eyJ1c2VySWQiOjEwNjMsImlhdCI6MTc1NTc4NTMxMCwiZXhwIjoxNzU1ODcxNzEwfQ.AWPeR7TYh21iUlMYEPmkB17xhVHsPy48p1HKZJnZsv8
1064,eyJhbGciOiJIUzI1NiJ9.eyJ1c2VySWQiOjEwNjQsImlhdCI6MTc1NTc4NTMxMCwiZXhwIjoxNzU1ODcxNzEwfQ.CYn5jkbeOIstJSiYNCPcnNXzyNRa6do8KCRLABHNwHw
1065,eyJhbGciOiJIUzI1NiJ9.eyJ1c2VySWQiOjEwNjUsImlhdCI6MTc1NTc4NTMxMSwiZXhwIjoxNzU1ODcxNzExfQ.sD6lkXRIDPWFxqPi8ImznVQMfC1xxDwoOOFXwB1gKzE
1066,eyJhbGciOiJIUzI1NiJ9.eyJ1c2VySWQiOjEwNjYsImlhdCI6MTc1NTc4NTMxMSwiZXhwIjoxNzU1ODcxNzExfQ.ax7cJ01wuLBJz-XvLAFGFTOTcQZDR9YdyyjSyW0-_ak
1067,eyJhbGciOiJIUzI1NiJ9.eyJ1c2VySWQiOjEwNjcsImlhdCI6MTc1NTc4NTMxMSwiZXhwIjoxNzU1ODcxNzExfQ.-9TA-JS4sqja7-veWRlb44GyoTaeGD6bHJ8NsWpYUko
1068,eyJhbGciOiJIUzI1NiJ9.eyJ1c2VySWQiOjEwNjgsImlhdCI6MTc1NTc4NTMxMSwiZXhwIjoxNzU1ODcxNzExfQ.AsP25gn1PyIrS5xspMUMWUnHKo15TiKiikd5MOyNN3g
1069,eyJhbGciOiJIUzI1NiJ9.eyJ1c2VySWQiOjEwNjksImlhdCI6MTc1NTc4NTMxMSwiZXhwIjoxNzU1ODcxNzExfQ.Jnx2u-ELEwFh1Rw-6WxHGmO4bBV-XRwMzT2TX9Vi2gA
1070,eyJhbGciOiJIUzI1NiJ9.eyJ1c2VySWQiOjEwNzAsImlhdCI6MTc1NTc4NTMxMSwiZXhwIjoxNzU1ODcxNzExfQ.H2yEpOjemym0N0Mi7szvCKC2p4a9BB9QvzbjlMT5fkM
1071,eyJhbGciOiJIUzI1NiJ9.eyJ1c2VySWQiOjEwNzEsImlhdCI6MTc1NTc4NTMxMSwiZXhwIjoxNzU1ODcxNzExfQ.YA_UiHj78DbuOJP7cPUCMK3zR35r_xd_HiRskDKb1mk
1072,eyJhbGciOiJIUzI1NiJ9.eyJ1c2VySWQiOjEwNzIsImlhdCI6MTc1NTc4NTMxMiwiZXhwIjoxNzU1ODcxNzEyfQ.DLayE0o2QKcIdIsmq1YXvDN3ShKgFTnWrfwrlXqFtJU
1073,eyJhbGciOiJIUzI1NiJ9.eyJ1c2VySWQiOjEwNzMsImlhdCI6MTc1NTc4NTMxMiwiZXhwIjoxNzU1ODcxNzEyfQ.A-EJ4P5SgAdRUYjX1W1bGKjynlQBqZ90zpvsCKIE71c
1074,eyJhbGciOiJIUzI1NiJ9.eyJ1c2VySWQiOjEwNzQsImlhdCI6MTc1NTc4NTMxMiwiZXhwIjoxNzU1ODcxNzEyfQ.xUSHVNErdIuSuNenjCUZwpec4PD2CgTpG7Xr_S-u638
1075,eyJhbGciOiJIUzI1NiJ9.eyJ1c2VySWQiOjEwNzUsImlhdCI6MTc1NTc4NTMxMiwiZXhwIjoxNzU1ODcxNzEyfQ.wQoi6wMNZvjxVFNiqPSbnvEg5rvMb8GGhRP3rLaAIvg
1076,eyJhbGciOiJIUzI1NiJ9.eyJ1c2VySWQiOjEwNzYsImlhdCI6MTc1NTc4NTMxMiwiZXhwIjoxNzU1ODcxNzEyfQ.SKTlXE7KUDJzmwip-CoCeroAumTVwvn_Aq4hSg9lANA
1077,eyJhbGciOiJIUzI1NiJ9.eyJ1c2VySWQiOjEwNzcsImlhdCI6MTc1NTc4NTMxMiwiZXhwIjoxNzU1ODcxNzEyfQ.hqNjylJ3AqqEJI8McEap2VE-2jj01WnSuwz0LRpRiFo
1078,eyJhbGciOiJIUzI1NiJ9.eyJ1c2VySWQiOjEwNzgsImlhdCI6MTc1NTc4NTMxMywiZXhwIjoxNzU1ODcxNzEzfQ.EJb1ML4_NxXs7IiKa2R_fNSIrwvmo0gfNdVwCY_2Mo8
1079,eyJhbGciOiJIUzI1NiJ9.eyJ1c2VySWQiOjEwNzksImlhdCI6MTc1NTc4NTMxMywiZXhwIjoxNzU1ODcxNzEzfQ.KDflo49s7NGOzR0Nb5ojIM3TI0IYEmbzCv2ItB71YLQ
1080,eyJhbGciOiJIUzI1NiJ9.eyJ1c2VySWQiOjEwODAsImlhdCI6MTc1NTc4NTMxMywiZXhwIjoxNzU1ODcxNzEzfQ.4_Sqjj0kq4wSx2mhcMxnzPmr0KoakzCxwFh4hU3ncbE
1081,eyJhbGciOiJIUzI1NiJ9.eyJ1c2VySWQiOjEwODEsImlhdCI6MTc1NTc4NTMxMywiZXhwIjoxNzU1ODcxNzEzfQ.7iqUHlIj8G_fnrnWv6ex3WCtxrxQEN_lesLvdjTlbcY
1082,eyJhbGciOiJIUzI1NiJ9.eyJ1c2VySWQiOjEwODIsImlhdCI6MTc1NTc4NTMxMywiZXhwIjoxNzU1ODcxNzEzfQ.qaIQZVEXd2sOI14iNqdpDVKvmMsxT19b0ABi004qbPg
1083,eyJhbGciOiJIUzI1NiJ9.eyJ1c2VySWQiOjEwODMsImlhdCI6MTc1NTc4NTMxMywiZXhwIjoxNzU1ODcxNzEzfQ.1Reb3sDCAMpyMJYiq8GSzYsKepnGVYFIkmT1WWv1b3A
1084,eyJhbGciOiJIUzI1NiJ9.eyJ1c2VySWQiOjEwODQsImlhdCI6MTc1NTc4NTMxMywiZXhwIjoxNzU1ODcxNzEzfQ.-H5GnOA1o9ftnlzkgzub8k_M5HWhn-LQ8A6pgOEXF9k
1085,eyJhbGciOiJIUzI1NiJ9.eyJ1c2VySWQiOjEwODUsImlhdCI6MTc1NTc4NTMxMywiZXhwIjoxNzU1ODcxNzEzfQ.QpDyailnXfXKV__Zwb082cB2MHDew57Qx-BVxPjT6Zk
1086,eyJhbGciOiJIUzI1NiJ9.eyJ1c2VySWQiOjEwODYsImlhdCI6MTc1NTc4NTMxNCwiZXhwIjoxNzU1ODcxNzE0fQ.Zt-RrHxO2T-HxaBxUmB8yG15r7__CDiyGV_P8fQ_WnQ
1087,eyJhbGciOiJIUzI1NiJ9.eyJ1c2VySWQiOjEwODcsImlhdCI6MTc1NTc4NTMxNCwiZXhwIjoxNzU1ODcxNzE0fQ.4IcY3mGlj8HRXX7Pl075WIh40ITjLZQdHaQ8tJOUw3E
1088,eyJhbGciOiJIUzI1NiJ9.eyJ1c2VySWQiOjEwODgsImlhdCI6MTc1NTc4NTMxNCwiZXhwIjoxNzU1ODcxNzE0fQ.GBrtE3BH0_J7u0XgoXSlZAlUfcBrWT6zoIKP7mYl-oY
1089,eyJhbGciOiJIUzI1NiJ9.eyJ1c2VySWQiOjEwODksImlhdCI6MTc1NTc4NTMxNCwiZXhwIjoxNzU1ODcxNzE0fQ.LTHcGV5bwofE2n6VzUM6WtA0_9VIrr-bxURO3FHoD5A
1090,eyJhbGciOiJIUzI1NiJ9.eyJ1c2VySWQiOjEwOTAsImlhdCI6MTc1NTc4NTMxNCwiZXhwIjoxNzU1ODcxNzE0fQ.uOW2-Se-df1vNWWkwP3pTk1D_jKiDacYYR4KJnJZTx4
1091,eyJhbGciOiJIUzI1NiJ9.eyJ1c2VySWQiOjEwOTEsImlhdCI6MTc1NTc4NTMxNCwiZXhwIjoxNzU1ODcxNzE0fQ.FghEu_rr14eSrCHmYKi57TWdOM4SxFbVf4eXpLeTWx8
1092,eyJhbGciOiJIUzI1NiJ9.eyJ1c2VySWQiOjEwOTIsImlhdCI6MTc1NTc4NTMxNCwiZXhwIjoxNzU1ODcxNzE0fQ.dYWfT-NPEj2ipugTHhAi2gKJVvlJ1ELQIphwlLW7mIg
1093,eyJhbGciOiJIUzI1NiJ9.eyJ1c2VySWQiOjEwOTMsImlhdCI6MTc1NTc4NTMxNCwiZXhwIjoxNzU1ODcxNzE0fQ.4VOjiKOEFMSw1ZAIXgck44GQjBgrqh2UcAN4pb_-E6s
1094,eyJhbGciOiJIUzI1NiJ9.eyJ1c2VySWQiOjEwOTQsImlhdCI6MTc1NTc4NTMxNSwiZXhwIjoxNzU1ODcxNzE1fQ.H_wcTsPXN_Un_MlJYwpnyhLTz3dnJ7-HQ2FnDt_to7I
1095,eyJhbGciOiJIUzI1NiJ9.eyJ1c2VySWQiOjEwOTUsImlhdCI6MTc1NTc4NTMxNSwiZXhwIjoxNzU1ODcxNzE1fQ.r5Hg5YPxV0bxuFZ5K9T--URNQ56w55579KZeISUz3Uk
1096,eyJhbGciOiJIUzI1NiJ9.eyJ1c2VySWQiOjEwOTYsImlhdCI6MTc1NTc4NTMxNSwiZXhwIjoxNzU1ODcxNzE1fQ.dHRQw9F-_1w11_AYfu62C4iYi1pB1ezmX-bbhnYM4DI
1097,eyJhbGciOiJIUzI1NiJ9.eyJ1c2VySWQiOjEwOTcsImlhdCI6MTc1NTc4NTMxNSwiZXhwIjoxNzU1ODcxNzE1fQ.5svXHHMMoa96uUqm925_rJSvc0JirZNsaiYc0gf5iQI
1098,eyJhbGciOiJIUzI1NiJ9.eyJ1c2VySWQiOjEwOTgsImlhdCI6MTc1NTc4NTMxNSwiZXhwIjoxNzU1ODcxNzE1fQ.LB9GvzWmPZM9NJMsK0jgJ5b8F17E4N59lXJfi7xg_r4
1099,eyJhbGciOiJIUzI1NiJ9.eyJ1c2VySWQiOjEwOTksImlhdCI6MTc1NTc4NTMxNSwiZXhwIjoxNzU1ODcxNzE1fQ.TQgU6Kmfy7B0kjtwJ8gTCEXGbNtEXMiwvHLefwVRFKk
1100,eyJhbGciOiJIUzI1NiJ9.eyJ1c2VySWQiOjExMDAsImlhdCI6MTc1NTc4NTMxNSwiZXhwIjoxNzU1ODcxNzE1fQ.DSACT2qORrxbjBBTZ9gLOrT36hKY3UjZ61b2wpkbmIs
1101,eyJhbGciOiJIUzI1NiJ9.eyJ1c2VySWQiOjExMDEsImlhdCI6MTc1NTc4NTMxNiwiZXhwIjoxNzU1ODcxNzE2fQ.18RLCz-Oa3acnUhjchYDPKpMCIjUKjYhlP5Pw1e6fg4
1102,eyJhbGciOiJIUzI1NiJ9.eyJ1c2VySWQiOjExMDIsImlhdCI6MTc1NTc4NTMxNiwiZXhwIjoxNzU1ODcxNzE2fQ.ecOBCcWj2luo0k35_6gPpidCwYPTrKYUvwpJMr-QMF8
1103,eyJhbGciOiJIUzI1NiJ9.eyJ1c2VySWQiOjExMDMsImlhdCI6MTc1NTc4NTMxNiwiZXhwIjoxNzU1ODcxNzE2fQ.kQ3lbL1Bqg2tWJ9dzXiJqR5dFeAPI5vPrdMNZL4CIu8
1104,eyJhbGciOiJIUzI1NiJ9.eyJ1c2VySWQiOjExMDQsImlhdCI6MTc1NTc4NTMxNiwiZXhwIjoxNzU1ODcxNzE2fQ.9F06YWNfB0_bSoAwBCM_c1BF8_o6TS_K-xIsUroTU2c
1105,eyJhbGciOiJIUzI1NiJ9.eyJ1c2VySWQiOjExMDUsImlhdCI6MTc1NTc4NTMxNiwiZXhwIjoxNzU1ODcxNzE2fQ.LlxKDDxuyj4WtVGjm-g9YBgsruhAw5E8M2y6bKFUwRU
1106,eyJhbGciOiJIUzI1NiJ9.eyJ1c2VySWQiOjExMDYsImlhdCI6MTc1NTc4NTMxNiwiZXhwIjoxNzU1ODcxNzE2fQ.arIZWab9JoVe76v-TfGg6jkMMmL6ptFKyHzf_TuuGYE
1107,eyJhbGciOiJIUzI1NiJ9.eyJ1c2VySWQiOjExMDcsImlhdCI6MTc1NTc4NTMxNiwiZXhwIjoxNzU1ODcxNzE2fQ.WASrDgrte0aRT50EKTCHr3hrDTXqcgHEmaqKVtvyFdk
1108,eyJhbGciOiJIUzI1NiJ9.eyJ1c2VySWQiOjExMDgsImlhdCI6MTc1NTc4NTMxNiwiZXhwIjoxNzU1ODcxNzE2fQ.Mr2WuaaMZs5XohtLzcfziHiLdivi8AVeAtBtDtPbRy4
1109,eyJhbGciOiJIUzI1NiJ9.eyJ1c2VySWQiOjExMDksImlhdCI6MTc1NTc4NTMxNywiZXhwIjoxNzU1ODcxNzE3fQ.JpbEfSyn250U98ZHtI0GkFTFbc9vi0fRBBwEqWUI0VY
1110,eyJhbGciOiJIUzI1NiJ9.eyJ1c2VySWQiOjExMTAsImlhdCI6MTc1NTc4NTMxNywiZXhwIjoxNzU1ODcxNzE3fQ.Wzux1NLcgBf1yo3ZRTatx5Z-7FU5q8ZUjux6zqFUK0I
1111,eyJhbGciOiJIUzI1NiJ9.eyJ1c2VySWQiOjExMTEsImlhdCI6MTc1NTc4NTMxNywiZXhwIjoxNzU1ODcxNzE3fQ.Dz4AL8IbN1TDXowaDzkZjcCQPvNe9KDe-FMhOZBGqJ0
1112,eyJhbGciOiJIUzI1NiJ9.eyJ1c2VySWQiOjExMTIsImlhdCI6MTc1NTc4NTMxNywiZXhwIjoxNzU1ODcxNzE3fQ.LxoD99s1InY1_FpIzerS6M_kF_35FXf0UD4ESG9pnt4
1113,eyJhbGciOiJIUzI1NiJ9.eyJ1c2VySWQiOjExMTMsImlhdCI6MTc1NTc4NTMxNywiZXhwIjoxNzU1ODcxNzE3fQ.zX-sAghkCkVGwhNtGFG7bNX1Cvup_bfgoQWjN2hkNdA
1114,eyJhbGciOiJIUzI1NiJ9.eyJ1c2VySWQiOjExMTQsImlhdCI6MTc1NTc4NTMxNywiZXhwIjoxNzU1ODcxNzE3fQ.xDGqOrfl335mGaKhYkWwj3h0AnaJO9H-ApaPEN_vA2E
1115,eyJhbGciOiJIUzI1NiJ9.eyJ1c2VySWQiOjExMTUsImlhdCI6MTc1NTc4NTMxNywiZXhwIjoxNzU1ODcxNzE3fQ.F7e0P6IxL0i-K3b0xCUnnxnIykUw98sI5sm5Km_R-hA
1116,eyJhbGciOiJIUzI1NiJ9.eyJ1c2VySWQiOjExMTYsImlhdCI6MTc1NTc4NTMxOCwiZXhwIjoxNzU1ODcxNzE4fQ.sjmRx90oUChVKMRo1vfDxr_cqWJDg6QIE_1X1yKKb1g
1117,eyJhbGciOiJIUzI1NiJ9.eyJ1c2VySWQiOjExMTcsImlhdCI6MTc1NTc4NTMxOCwiZXhwIjoxNzU1ODcxNzE4fQ.-q_gxzdJEwSOTpDBUbEcY--fHop8ajbt6sNQWNwvMew
1118,eyJhbGciOiJIUzI1NiJ9.eyJ1c2VySWQiOjExMTgsImlhdCI6MTc1NTc4NTMxOCwiZXhwIjoxNzU1ODcxNzE4fQ.VJ-vDWlXhvW2T5Zoe0qZc_3vdLw2wqEIAzfYBt6Dvp8
1119,eyJhbGciOiJIUzI1NiJ9.eyJ1c2VySWQiOjExMTksImlhdCI6MTc1NTc4NTMxOCwiZXhwIjoxNzU1ODcxNzE4fQ.hVqEGN_OEgtiY4m5jNMfDYAQihh9Qu-G0sCEFvf7dGQ
1120,eyJhbGciOiJIUzI1NiJ9.eyJ1c2VySWQiOjExMjAsImlhdCI6MTc1NTc4NTMxOCwiZXhwIjoxNzU1ODcxNzE4fQ.PaqgFcxPLzSXJ2UKHakqsKFARNlChb1ApLk-ozV03pc
1121,eyJhbGciOiJIUzI1NiJ9.eyJ1c2VySWQiOjExMjEsImlhdCI6MTc1NTc4NTMxOCwiZXhwIjoxNzU1ODcxNzE4fQ.oRO0zCzGKcSXz6p4l-JRzOBp5ZfkHHnjv-4cTZND5fk
1122,eyJhbGciOiJIUzI1NiJ9.eyJ1c2VySWQiOjExMjIsImlhdCI6MTc1NTc4NTMxOCwiZXhwIjoxNzU1ODcxNzE4fQ.vvYS2l6gqaafxCcJKFQ_dCKXUZXmnDOaerolVZPstck
1123,eyJhbGciOiJIUzI1NiJ9.eyJ1c2VySWQiOjExMjMsImlhdCI6MTc1NTc4NTMxOSwiZXhwIjoxNzU1ODcxNzE5fQ.B8uHEjVT2wc9DfvAM9bgMNi_Q8yzyJrK0nM82clDkhg
1124,eyJhbGciOiJIUzI1NiJ9.eyJ1c2VySWQiOjExMjQsImlhdCI6MTc1NTc4NTMxOSwiZXhwIjoxNzU1ODcxNzE5fQ.e00tpGzoeLjCHel09-kIpEKLVW49iDDuLa5hjt0lTmU
1125,eyJhbGciOiJIUzI1NiJ9.eyJ1c2VySWQiOjExMjUsImlhdCI6MTc1NTc4NTMxOSwiZXhwIjoxNzU1ODcxNzE5fQ.46QTOegk5_AlAzmdiq_afaEPLJ6nEOQ0UvS4Slsx-AY
1126,eyJhbGciOiJIUzI1NiJ9.eyJ1c2VySWQiOjExMjYsImlhdCI6MTc1NTc4NTMxOSwiZXhwIjoxNzU1ODcxNzE5fQ.IgKSyVv-Kdg3PDCHicKCdJ54eDZZ8YbV6QBcVDrm9YE
1127,eyJhbGciOiJIUzI1NiJ9.eyJ1c2VySWQiOjExMjcsImlhdCI6MTc1NTc4NTMxOSwiZXhwIjoxNzU1ODcxNzE5fQ.-rI_lpk-Ypl7Yfz-I9jRKDMgbjMEf6T4yGl-0OgHLo0
1128,eyJhbGciOiJIUzI1NiJ9.eyJ1c2VySWQiOjExMjgsImlhdCI6MTc1NTc4NTMxOSwiZXhwIjoxNzU1ODcxNzE5fQ.6FtlUexDWf-NxGvxVVZx2DFE7TrHqe5mEjsHORbXF5o
1129,eyJhbGciOiJIUzI1NiJ9.eyJ1c2VySWQiOjExMjksImlhdCI6MTc1NTc4NTMxOSwiZXhwIjoxNzU1ODcxNzE5fQ.11swMLqbOBCLwXHSDTJgpCl8Cz8X_I7dVRHmPRmEeSE
1130,eyJhbGciOiJIUzI1NiJ9.eyJ1c2VySWQiOjExMzAsImlhdCI6MTc1NTc4NTMxOSwiZXhwIjoxNzU1ODcxNzE5fQ.n2hPI6dxifgTUl64te92NBf6peMFYMKij_rwYvRyX_8
1131,eyJhbGciOiJIUzI1NiJ9.eyJ1c2VySWQiOjExMzEsImlhdCI6MTc1NTc4NTMyMCwiZXhwIjoxNzU1ODcxNzIwfQ.p_YVFwvw_S8Lz8srImY_2s60FwxzwTJhYNXDFWnamPs
1132,eyJhbGciOiJIUzI1NiJ9.eyJ1c2VySWQiOjExMzIsImlhdCI6MTc1NTc4NTMyMCwiZXhwIjoxNzU1ODcxNzIwfQ.TDgg8Rfu2BSXQ-c1cocKUC9OtLa0qLe23MIay7wen0k
1133,eyJhbGciOiJIUzI1NiJ9.eyJ1c2VySWQiOjExMzMsImlhdCI6MTc1NTc4NTMyMCwiZXhwIjoxNzU1ODcxNzIwfQ.LN12x3mtCvJ6re-PvNQ1zcHmXqRMGssX67sHx2FbJzc
1134,eyJhbGciOiJIUzI1NiJ9.eyJ1c2VySWQiOjExMzQsImlhdCI6MTc1NTc4NTMyMCwiZXhwIjoxNzU1ODcxNzIwfQ.WUFBYPhJ83ZJH3KHOMU70VUQIDN-zIEcuKzBGa4VFtQ
1135,eyJhbGciOiJIUzI1NiJ9.eyJ1c2VySWQiOjExMzUsImlhdCI6MTc1NTc4NTMyMCwiZXhwIjoxNzU1ODcxNzIwfQ.NB1FvG2fbIk9sTe-Xmr3kkHUEnykQnLDOOqgZf_ea4o
1136,eyJhbGciOiJIUzI1NiJ9.eyJ1c2VySWQiOjExMzYsImlhdCI6MTc1NTc4NTMyMCwiZXhwIjoxNzU1ODcxNzIwfQ.mO8aQnxpb89okkhTqwGz_y7TEfoYMW4ai8qNRlxsQTY
1137,eyJhbGciOiJIUzI1NiJ9.eyJ1c2VySWQiOjExMzcsImlhdCI6MTc1NTc4NTMyMCwiZXhwIjoxNzU1ODcxNzIwfQ.hY44thmgDP5vZpQlWKf2DNfEagG2p1aNcfoHNVE7kic
1138,eyJhbGciOiJIUzI1NiJ9.eyJ1c2VySWQiOjExMzgsImlhdCI6MTc1NTc4NTMyMSwiZXhwIjoxNzU1ODcxNzIxfQ.QLtNXDI16ujFWTZNlK7MMATktxHkHs_9IWokPazJlso
1139,eyJhbGciOiJIUzI1NiJ9.eyJ1c2VySWQiOjExMzksImlhdCI6MTc1NTc4NTMyMSwiZXhwIjoxNzU1ODcxNzIxfQ.X2nm7uoKyRCjIaX34ZNhtuJUpmuORF4clKTDqeanmNU
1140,eyJhbGciOiJIUzI1NiJ9.eyJ1c2VySWQiOjExNDAsImlhdCI6MTc1NTc4NTMyMSwiZXhwIjoxNzU1ODcxNzIxfQ.RGNN-idiJ8d8mgAkmxUggvb42HZkq224X_NyF17VQqU
1141,eyJhbGciOiJIUzI1NiJ9.eyJ1c2VySWQiOjExNDEsImlhdCI6MTc1NTc4NTMyMSwiZXhwIjoxNzU1ODcxNzIxfQ.tcob2C0k8OaCBYvybLFcsosmJn4Co13w71iFrsm856o
1142,eyJhbGciOiJIUzI1NiJ9.eyJ1c2VySWQiOjExNDIsImlhdCI6MTc1NTc4NTMyMSwiZXhwIjoxNzU1ODcxNzIxfQ.YDWOyWb7FWxL7tV1foVrZCLIzodrAHChGytEdRXx6M0
1143,eyJhbGciOiJIUzI1NiJ9.eyJ1c2VySWQiOjExNDMsImlhdCI6MTc1NTc4NTMyMSwiZXhwIjoxNzU1ODcxNzIxfQ.wPphNZS8zwfxG6D0ftzF4bZr-b6qZfNuLZq3sI4Bh70
1144,eyJhbGciOiJIUzI1NiJ9.eyJ1c2VySWQiOjExNDQsImlhdCI6MTc1NTc4NTMyMSwiZXhwIjoxNzU1ODcxNzIxfQ.j8pxgXE-cISebRkYmUIRTwe09cQEh1EEU2SGS_MhuNQ
1145,eyJhbGciOiJIUzI1NiJ9.eyJ1c2VySWQiOjExNDUsImlhdCI6MTc1NTc4NTMyMSwiZXhwIjoxNzU1ODcxNzIxfQ.bibeejAfxDik7gtfW8fI3j8Xge-zplSmoSP_YKM7wHw
1146,eyJhbGciOiJIUzI1NiJ9.eyJ1c2VySWQiOjExNDYsImlhdCI6MTc1NTc4NTMyMiwiZXhwIjoxNzU1ODcxNzIyfQ.rR-uhYQd94ZE1J_M8nTc-e5d__1PDxAbQ9izg4QSesE
1147,eyJhbGciOiJIUzI1NiJ9.eyJ1c2VySWQiOjExNDcsImlhdCI6MTc1NTc4NTMyMiwiZXhwIjoxNzU1ODcxNzIyfQ.i0U99QmKTxPus1e1w-J4v3AlS5ShBMTrMObP1e0gWi4
1148,eyJhbGciOiJIUzI1NiJ9.eyJ1c2VySWQiOjExNDgsImlhdCI6MTc1NTc4NTMyMiwiZXhwIjoxNzU1ODcxNzIyfQ.HJBoINr81FSrdj5043tQgF4Zg7gt_mvSNvT24QrvEvA
1149,eyJhbGciOiJIUzI1NiJ9.eyJ1c2VySWQiOjExNDksImlhdCI6MTc1NTc4NTMyMiwiZXhwIjoxNzU1ODcxNzIyfQ.Jfswxpa_rmIuoUHSgVf-gj7sbyfVET__k19c26JNduU
1150,eyJhbGciOiJIUzI1NiJ9.eyJ1c2VySWQiOjExNTAsImlhdCI6MTc1NTc4NTMyMiwiZXhwIjoxNzU1ODcxNzIyfQ.FhwsVWmj7x8erEUFRkeSppbrOsLrrGkJU1pAqIBHhfg
1151,eyJhbGciOiJIUzI1NiJ9.eyJ1c2VySWQiOjExNTEsImlhdCI6MTc1NTc4NTMyMiwiZXhwIjoxNzU1ODcxNzIyfQ.KRCfqcN9yqNeq6Fc09vYx3BS95AecU_jzJA-uDojCaY
1152,eyJhbGciOiJIUzI1NiJ9.eyJ1c2VySWQiOjExNTIsImlhdCI6MTc1NTc4NTMyMiwiZXhwIjoxNzU1ODcxNzIyfQ.yVXVqgxTaNeluYRHXDz1CFbOrwc4EZ_h_Q0MFL-Trco
1153,eyJhbGciOiJIUzI1NiJ9.eyJ1c2VySWQiOjExNTMsImlhdCI6MTc1NTc4NTMyMywiZXhwIjoxNzU1ODcxNzIzfQ.lZVHAftT9Szfn8xRXvbAf7cfP9mGJUZSnim88zqC-JI
1154,eyJhbGciOiJIUzI1NiJ9.eyJ1c2VySWQiOjExNTQsImlhdCI6MTc1NTc4NTMyMywiZXhwIjoxNzU1ODcxNzIzfQ.KrPsl-9JO4D2SV1liyDiafGPPN5gdBsqKWx5ieXZSX0
1155,eyJhbGciOiJIUzI1NiJ9.eyJ1c2VySWQiOjExNTUsImlhdCI6MTc1NTc4NTMyMywiZXhwIjoxNzU1ODcxNzIzfQ._PAsFXQJor-B9v1LKLXyZ1bTECrY-eJrifJVuMFZEjY
1156,eyJhbGciOiJIUzI1NiJ9.eyJ1c2VySWQiOjExNTYsImlhdCI6MTc1NTc4NTMyMywiZXhwIjoxNzU1ODcxNzIzfQ.afRFJzTU_sd2DdeZe4LmUDMXJIJpVqXMc0H2JykyvNY
1157,eyJhbGciOiJIUzI1NiJ9.eyJ1c2VySWQiOjExNTcsImlhdCI6MTc1NTc4NTMyMywiZXhwIjoxNzU1ODcxNzIzfQ.QxzMx6ptxJC6ueqx_mEh0fkuKu9bTqz0wTz7QGWmRmI
1158,eyJhbGciOiJIUzI1NiJ9.eyJ1c2VySWQiOjExNTgsImlhdCI6MTc1NTc4NTMyMywiZXhwIjoxNzU1ODcxNzIzfQ.fInItEo-oCoz0tAt_E2rI0FtOrzl_FqcZzqd8y6SUT4
1159,eyJhbGciOiJIUzI1NiJ9.eyJ1c2VySWQiOjExNTksImlhdCI6MTc1NTc4NTMyMywiZXhwIjoxNzU1ODcxNzIzfQ.yDhA2rfzIapwctxJmhJfJ4df1c2lC8btP9gAmafV2PI
1160,eyJhbGciOiJIUzI1NiJ9.eyJ1c2VySWQiOjExNjAsImlhdCI6MTc1NTc4NTMyMywiZXhwIjoxNzU1ODcxNzIzfQ.tH-kT3SbKC97BazPItObU5UBqbhvasxpokJ55lnpidE
1161,eyJhbGciOiJIUzI1NiJ9.eyJ1c2VySWQiOjExNjEsImlhdCI6MTc1NTc4NTMyNCwiZXhwIjoxNzU1ODcxNzI0fQ.U6OcAwCviF7wnfd56Jw-dvv9iIJdrrNFakuXBorxL6g
1162,eyJhbGciOiJIUzI1NiJ9.eyJ1c2VySWQiOjExNjIsImlhdCI6MTc1NTc4NTMyNCwiZXhwIjoxNzU1ODcxNzI0fQ.cJZprIx_m3slsQ8yDg3L2Q9pxuhxyB0dfC-vtAyl0PE
1163,eyJhbGciOiJIUzI1NiJ9.eyJ1c2VySWQiOjExNjMsImlhdCI6MTc1NTc4NTMyNCwiZXhwIjoxNzU1ODcxNzI0fQ.f2uN-AwwZsGo3jxAV_sn_LZT0YED0TWtjXg-3ENIC7A
1164,eyJhbGciOiJIUzI1NiJ9.eyJ1c2VySWQiOjExNjQsImlhdCI6MTc1NTc4NTMyNCwiZXhwIjoxNzU1ODcxNzI0fQ._1lUySQSXERBQgIcgDbS0SVy-lwLheUnJlj5Cg5YfzA
1165,eyJhbGciOiJIUzI1NiJ9.eyJ1c2VySWQiOjExNjUsImlhdCI6MTc1NTc4NTMyNCwiZXhwIjoxNzU1ODcxNzI0fQ.W1AkpbH7lVplgv6qBDvaStjOg3DgWnv5_4OM3EiKVk8
1166,eyJhbGciOiJIUzI1NiJ9.eyJ1c2VySWQiOjExNjYsImlhdCI6MTc1NTc4NTMyNCwiZXhwIjoxNzU1ODcxNzI0fQ.137IQDokIa8qYVdn-jQ-ra8c7-5opOhMJJ5G4ZpUWBM
1167,eyJhbGciOiJIUzI1NiJ9.eyJ1c2VySWQiOjExNjcsImlhdCI6MTc1NTc4NTMyNCwiZXhwIjoxNzU1ODcxNzI0fQ.rUT85wgATuJ5C2zRn6_fwOn03fNv1Zm7gD9vBqlIR5k
1168,eyJhbGciOiJIUzI1NiJ9.eyJ1c2VySWQiOjExNjgsImlhdCI6MTc1NTc4NTMyNCwiZXhwIjoxNzU1ODcxNzI0fQ.SMJZ4ursiI2ddYL5TAdaETCLyJro2w1pBWfaOrIV2VU
1169,eyJhbGciOiJIUzI1NiJ9.eyJ1c2VySWQiOjExNjksImlhdCI6MTc1NTc4NTMyNSwiZXhwIjoxNzU1ODcxNzI1fQ.k2in-X8ALM1BXJsZ-PdYSd3YiRqjw5OJtmWlP8Vht_U
1170,eyJhbGciOiJIUzI1NiJ9.eyJ1c2VySWQiOjExNzAsImlhdCI6MTc1NTc4NTMyNSwiZXhwIjoxNzU1ODcxNzI1fQ.nEcft4rKJw-WSsQwpjdcScv2liHHieBbsYe7PJzg60M
1171,eyJhbGciOiJIUzI1NiJ9.eyJ1c2VySWQiOjExNzEsImlhdCI6MTc1NTc4NTMyNSwiZXhwIjoxNzU1ODcxNzI1fQ.0wY3fOD5DTk0zwetK0-pujIRVYOrAjotyPtXsEpALJ0
1172,eyJhbGciOiJIUzI1NiJ9.eyJ1c2VySWQiOjExNzIsImlhdCI6MTc1NTc4NTMyNSwiZXhwIjoxNzU1ODcxNzI1fQ.1IULhgz9rpHAaCiJpEnKhK5S4b8XIaoRsmkZnIfvbXg
1173,eyJhbGciOiJIUzI1NiJ9.eyJ1c2VySWQiOjExNzMsImlhdCI6MTc1NTc4NTMyNSwiZXhwIjoxNzU1ODcxNzI1fQ.L1P9mMdO30cJNu3s4iL7i2W0Jf7p7300ALpzMCFwUjE
1174,eyJhbGciOiJIUzI1NiJ9.eyJ1c2VySWQiOjExNzQsImlhdCI6MTc1NTc4NTMyNSwiZXhwIjoxNzU1ODcxNzI1fQ.XOGatFaN0MmqWGzO2BFqHAST9w_IZg0sCvE5n1tLlys
1175,eyJhbGciOiJIUzI1NiJ9.eyJ1c2VySWQiOjExNzUsImlhdCI6MTc1NTc4NTMyNSwiZXhwIjoxNzU1ODcxNzI1fQ.IP1nRD2Iy8dhrGhGrb_LoBp37eee5MDRFoZA4ukrYiM
1176,eyJhbGciOiJIUzI1NiJ9.eyJ1c2VySWQiOjExNzYsImlhdCI6MTc1NTc4NTMyNiwiZXhwIjoxNzU1ODcxNzI2fQ.iGlHuOFSpYTeSJGpB-1jQs3OaJbB0aY7C_VjNO1975s
1177,eyJhbGciOiJIUzI1NiJ9.eyJ1c2VySWQiOjExNzcsImlhdCI6MTc1NTc4NTMyNiwiZXhwIjoxNzU1ODcxNzI2fQ.qKUXWPHwo-eKstWGlRawKUa5UOE91-G4Slm6FUV20gU
1178,eyJhbGciOiJIUzI1NiJ9.eyJ1c2VySWQiOjExNzgsImlhdCI6MTc1NTc4NTMyNiwiZXhwIjoxNzU1ODcxNzI2fQ.ju_-G3JR-THdgx5O-hkGSJn6MQKAvvkI--bFiq4VNPg
1179,eyJhbGciOiJIUzI1NiJ9.eyJ1c2VySWQiOjExNzksImlhdCI6MTc1NTc4NTMyNiwiZXhwIjoxNzU1ODcxNzI2fQ.no13Xog4Tpx_tW2IcMzdhzma7CjJexVtXerZIMIk_zs
1180,eyJhbGciOiJIUzI1NiJ9.eyJ1c2VySWQiOjExODAsImlhdCI6MTc1NTc4NTMyNiwiZXhwIjoxNzU1ODcxNzI2fQ.ernUo2Ytp_GAyecjmA7PGUyw-yLQs08HhGgVs11nrYY
1181,eyJhbGciOiJIUzI1NiJ9.eyJ1c2VySWQiOjExODEsImlhdCI6MTc1NTc4NTMyNiwiZXhwIjoxNzU1ODcxNzI2fQ.y-y_eEcmnv5OsIvcw35DxEFnbUBjFXF4R3SyWa6-8D8
1182,eyJhbGciOiJIUzI1NiJ9.eyJ1c2VySWQiOjExODIsImlhdCI6MTc1NTc4NTMyNiwiZXhwIjoxNzU1ODcxNzI2fQ.Gd6CN2RXfJgPK-qQHn5gEzmdSvc6okVT1GGyjIuk05g
1183,eyJhbGciOiJIUzI1NiJ9.eyJ1c2VySWQiOjExODMsImlhdCI6MTc1NTc4NTMyNiwiZXhwIjoxNzU1ODcxNzI2fQ.w9n8hQ-MKchbxjG4n_rIcFOMhrlZlZmULohEg3tAfnY
1184,eyJhbGciOiJIUzI1NiJ9.eyJ1c2VySWQiOjExODQsImlhdCI6MTc1NTc4NTMyNywiZXhwIjoxNzU1ODcxNzI3fQ.ZAOIH06wNI6n4MM01moEsP9kcVe3wItnYWV9lht9gLQ
1185,eyJhbGciOiJIUzI1NiJ9.eyJ1c2VySWQiOjExODUsImlhdCI6MTc1NTc4NTMyNywiZXhwIjoxNzU1ODcxNzI3fQ.CUyBYu6AmLavJJqf6IBf_3zmAa2VNKBUvTCNYzjaBH8
1186,eyJhbGciOiJIUzI1NiJ9.eyJ1c2VySWQiOjExODYsImlhdCI6MTc1NTc4NTMyNywiZXhwIjoxNzU1ODcxNzI3fQ.0UZHnT4GdvW3BUz5RL6lrhXTQRB2lPi8EV9OemKezRM
1187,eyJhbGciOiJIUzI1NiJ9.eyJ1c2VySWQiOjExODcsImlhdCI6MTc1NTc4NTMyNywiZXhwIjoxNzU1ODcxNzI3fQ.Ws_Eei6usC1cvI9gfKWGWIo8YCzTfIfQH5dAA5XXo8o
1188,eyJhbGciOiJIUzI1NiJ9.eyJ1c2VySWQiOjExODgsImlhdCI6MTc1NTc4NTMyNywiZXhwIjoxNzU1ODcxNzI3fQ.49fWOYapR3LdL6PY8N78Lg-XgkHiAT1dkB1ZsWpaxn0
1189,eyJhbGciOiJIUzI1NiJ9.eyJ1c2VySWQiOjExODksImlhdCI6MTc1NTc4NTMyNywiZXhwIjoxNzU1ODcxNzI3fQ.YwnYiEPqX721WJfZrh8e_p8O5UnN8nJ0sI8nHAuVt2A
1190,eyJhbGciOiJIUzI1NiJ9.eyJ1c2VySWQiOjExOTAsImlhdCI6MTc1NTc4NTMyNywiZXhwIjoxNzU1ODcxNzI3fQ.BL6TfSERiPsHBRFulvkNq1qM0Gw45WHEWt1T1czwD04
1191,eyJhbGciOiJIUzI1NiJ9.eyJ1c2VySWQiOjExOTEsImlhdCI6MTc1NTc4NTMyOCwiZXhwIjoxNzU1ODcxNzI4fQ.G_isIbWQ3hTGjQqhFa309umYcOHoOjo4zu2aPzAAfsM
1192,eyJhbGciOiJIUzI1NiJ9.eyJ1c2VySWQiOjExOTIsImlhdCI6MTc1NTc4NTMyOCwiZXhwIjoxNzU1ODcxNzI4fQ.A22chueC4BmIpjYcJpHWCgUCwMi3ws0uH3FsWzd8Eiw
1193,eyJhbGciOiJIUzI1NiJ9.eyJ1c2VySWQiOjExOTMsImlhdCI6MTc1NTc4NTMyOCwiZXhwIjoxNzU1ODcxNzI4fQ.Vc-JRSVoF8j9YXWclDQi72xTiJ46pS2fVTKOR_zmljc
1194,eyJhbGciOiJIUzI1NiJ9.eyJ1c2VySWQiOjExOTQsImlhdCI6MTc1NTc4NTMyOCwiZXhwIjoxNzU1ODcxNzI4fQ.UcowhrPwnzdnmn9Uj94pqIabq-_qZk6c3EV1t9nhOoY
1195,eyJhbGciOiJIUzI1NiJ9.eyJ1c2VySWQiOjExOTUsImlhdCI6MTc1NTc4NTMyOCwiZXhwIjoxNzU1ODcxNzI4fQ.1yvy97YPPJKaitdYucvUEwy1kwqoesAS0tYdil045Lg
1196,eyJhbGciOiJIUzI1NiJ9.eyJ1c2VySWQiOjExOTYsImlhdCI6MTc1NTc4NTMyOCwiZXhwIjoxNzU1ODcxNzI4fQ.I4v0RdPHjwoxONTKEQuTDWuVlpX23RB90TdkXlPZqyo
1197,eyJhbGciOiJIUzI1NiJ9.eyJ1c2VySWQiOjExOTcsImlhdCI6MTc1NTc4NTMyOCwiZXhwIjoxNzU1ODcxNzI4fQ.aGVPRFlTe9Df1cJVehQjIB4V2vPM1YQ2hatcJBvlEbI
1198,eyJhbGciOiJIUzI1NiJ9.eyJ1c2VySWQiOjExOTgsImlhdCI6MTc1NTc4NTMyOSwiZXhwIjoxNzU1ODcxNzI5fQ.DzlogCREKB4tDd-qNk0Ja7BHgq4KsPGgeZ2aDslo-H0
1199,eyJhbGciOiJIUzI1NiJ9.eyJ1c2VySWQiOjExOTksImlhdCI6MTc1NTc4NTMyOSwiZXhwIjoxNzU1ODcxNzI5fQ.vjb76g0AtT8VZ9nm6aYi3I_W5n9XQQjivkqFl_WGbxM
1200,eyJhbGciOiJIUzI1NiJ9.eyJ1c2VySWQiOjEyMDAsImlhdCI6MTc1NTc4NTMyOSwiZXhwIjoxNzU1ODcxNzI5fQ.6Ck2Fvqv_Lie04Rwc9P17BHThYuYFY0mQpMa1B_Mncc
1201,eyJhbGciOiJIUzI1NiJ9.eyJ1c2VySWQiOjEyMDEsImlhdCI6MTc1NTc4NTMyOSwiZXhwIjoxNzU1ODcxNzI5fQ.xQtZ1ZvHkFa9RwOjG0Qha1G-dLrZpZ-NK7AXjB3sLi0
1202,eyJhbGciOiJIUzI1NiJ9.eyJ1c2VySWQiOjEyMDIsImlhdCI6MTc1NTc4NTMyOSwiZXhwIjoxNzU1ODcxNzI5fQ.-XpJ9QS-lEPz-qPKp9v87R6BYk8o5E7kaj5UYHNbkXU
1203,eyJhbGciOiJIUzI1NiJ9.eyJ1c2VySWQiOjEyMDMsImlhdCI6MTc1NTc4NTMyOSwiZXhwIjoxNzU1ODcxNzI5fQ.E8vHsQVAtdnvYaweryc-wxhI2KpLvXR_8GG_bOiDaKc
1204,eyJhbGciOiJIUzI1NiJ9.eyJ1c2VySWQiOjEyMDQsImlhdCI6MTc1NTc4NTMyOSwiZXhwIjoxNzU1ODcxNzI5fQ.j-OYt3Vg1Pt_G5mdlOuZcm2A7-m0eVTTHVy4631qKzw
1205,eyJhbGciOiJIUzI1NiJ9.eyJ1c2VySWQiOjEyMDUsImlhdCI6MTc1NTc4NTMyOSwiZXhwIjoxNzU1ODcxNzI5fQ.gsYYNQFie3oqixMgKMukzFIs5BfueJZqlk7-FP8GYig
1206,eyJhbGciOiJIUzI1NiJ9.eyJ1c2VySWQiOjEyMDYsImlhdCI6MTc1NTc4NTMzMCwiZXhwIjoxNzU1ODcxNzMwfQ.pV3nNyiJCq9PuqFqc4N5mKEu0EkJ_K6Et5CikRS2QbY
1207,eyJhbGciOiJIUzI1NiJ9.eyJ1c2VySWQiOjEyMDcsImlhdCI6MTc1NTc4NTMzMCwiZXhwIjoxNzU1ODcxNzMwfQ.dPxXLFDmdEZOtxhHjXRZEBVdcqt95rJH_bExBIsh1Sk
1208,eyJhbGciOiJIUzI1NiJ9.eyJ1c2VySWQiOjEyMDgsImlhdCI6MTc1NTc4NTMzMCwiZXhwIjoxNzU1ODcxNzMwfQ.sJqeloGNaqcPkTm2qOTBHHWRduVQrBAZIFPMdhrqPmQ
1209,eyJhbGciOiJIUzI1NiJ9.eyJ1c2VySWQiOjEyMDksImlhdCI6MTc1NTc4NTMzMCwiZXhwIjoxNzU1ODcxNzMwfQ.DO7ZH0cQz84hF64Ez8Nha1XU_2ykYGYJ61BUBLwbq-w
1210,eyJhbGciOiJIUzI1NiJ9.eyJ1c2VySWQiOjEyMTAsImlhdCI6MTc1NTc4NTMzMCwiZXhwIjoxNzU1ODcxNzMwfQ.zKtSYgt8BDUsat0wywV0MEj2ngleRlhn75DZNxzlujE
1211,eyJhbGciOiJIUzI1NiJ9.eyJ1c2VySWQiOjEyMTEsImlhdCI6MTc1NTc4NTMzMCwiZXhwIjoxNzU1ODcxNzMwfQ.PdpdhlOZTXWG3hMkeuVHOQL80cujtZdRmTMK6Rwx62s
1212,eyJhbGciOiJIUzI1NiJ9.eyJ1c2VySWQiOjEyMTIsImlhdCI6MTc1NTc4NTMzMCwiZXhwIjoxNzU1ODcxNzMwfQ.zr-C0m9pBLd6Ny0JA8RCOvCdZUOowCaa-ja7wtufVP8
1213,eyJhbGciOiJIUzI1NiJ9.eyJ1c2VySWQiOjEyMTMsImlhdCI6MTc1NTc4NTMzMCwiZXhwIjoxNzU1ODcxNzMwfQ.mkadP1QQiskkXgl05-OEQnzHgueEsPNC2NR-sHDpDDI
1214,eyJhbGciOiJIUzI1NiJ9.eyJ1c2VySWQiOjEyMTQsImlhdCI6MTc1NTc4NTMzMSwiZXhwIjoxNzU1ODcxNzMxfQ.lxyEQ7nu7wqto83eEc24lkH4Deb-Oqnu1fbQaqNXio0
1215,eyJhbGciOiJIUzI1NiJ9.eyJ1c2VySWQiOjEyMTUsImlhdCI6MTc1NTc4NTMzMSwiZXhwIjoxNzU1ODcxNzMxfQ.ASGTG9BAJJiMPnOLsJgNqG6HY47QAzS5lE7Rm6ZOZ5c
1216,eyJhbGciOiJIUzI1NiJ9.eyJ1c2VySWQiOjEyMTYsImlhdCI6MTc1NTc4NTMzMSwiZXhwIjoxNzU1ODcxNzMxfQ.VT2b7ctVt9srgXOlbeh7QyRAifmtKh6Z6HyibQ1IpLM
1217,eyJhbGciOiJIUzI1NiJ9.eyJ1c2VySWQiOjEyMTcsImlhdCI6MTc1NTc4NTMzMSwiZXhwIjoxNzU1ODcxNzMxfQ._ZSCpnrP9nHhd2VSt_ftzi_phGAVXXFHck6PDbr4Z5A
1218,eyJhbGciOiJIUzI1NiJ9.eyJ1c2VySWQiOjEyMTgsImlhdCI6MTc1NTc4NTMzMSwiZXhwIjoxNzU1ODcxNzMxfQ.r2_uylw0dLcT6s_GFLoCTZAkBW5Ziolc8qaVt_DNc5Y
1219,eyJhbGciOiJIUzI1NiJ9.eyJ1c2VySWQiOjEyMTksImlhdCI6MTc1NTc4NTMzMSwiZXhwIjoxNzU1ODcxNzMxfQ.xJdpK4NrnOqb_GxjgKh12jP39vpuLM4r92cFDaxusbY
1220,eyJhbGciOiJIUzI1NiJ9.eyJ1c2VySWQiOjEyMjAsImlhdCI6MTc1NTc4NTMzMSwiZXhwIjoxNzU1ODcxNzMxfQ.lALL8jBmH-8EYbvBcstn1_OqXbBYEpidTa9HRDlyfEc
1221,eyJhbGciOiJIUzI1NiJ9.eyJ1c2VySWQiOjEyMjEsImlhdCI6MTc1NTc4NTMzMiwiZXhwIjoxNzU1ODcxNzMyfQ.ONF3m_TMxHpOh9v75BPO6UOTMwwcnk0zMo8pRyxF24k
1222,eyJhbGciOiJIUzI1NiJ9.eyJ1c2VySWQiOjEyMjIsImlhdCI6MTc1NTc4NTMzMiwiZXhwIjoxNzU1ODcxNzMyfQ.Dg1TwE7rm1X7-LwGHAjh9fh0LILn-ktoPIlQ-APLvDs
1223,eyJhbGciOiJIUzI1NiJ9.eyJ1c2VySWQiOjEyMjMsImlhdCI6MTc1NTc4NTMzMiwiZXhwIjoxNzU1ODcxNzMyfQ.NohntP8I_oAofXRigKICdS16Li1fpjroQiEsE-LWH-s
1224,eyJhbGciOiJIUzI1NiJ9.eyJ1c2VySWQiOjEyMjQsImlhdCI6MTc1NTc4NTMzMiwiZXhwIjoxNzU1ODcxNzMyfQ.ek7tvEXBecvzdPX07YHo4FC4Ht3_h5xMiv4v3DhOOnk
1225,eyJhbGciOiJIUzI1NiJ9.eyJ1c2VySWQiOjEyMjUsImlhdCI6MTc1NTc4NTMzMiwiZXhwIjoxNzU1ODcxNzMyfQ.Yt4GsDN8_FAi-4Genm0KwBGXcypfjmqM4978_V0jkJ0
1226,eyJhbGciOiJIUzI1NiJ9.eyJ1c2VySWQiOjEyMjYsImlhdCI6MTc1NTc4NTMzMiwiZXhwIjoxNzU1ODcxNzMyfQ.Fj2YMUErJwvc1pezPm-_Pmb-ecl-k87BsI5Ly-z2Mmk
1227,eyJhbGciOiJIUzI1NiJ9.eyJ1c2VySWQiOjEyMjcsImlhdCI6MTc1NTc4NTMzMiwiZXhwIjoxNzU1ODcxNzMyfQ.sj0-UA4Rs66REY7uQTG2x48o6pIJfxTzMsEkCu5xYag
1228,eyJhbGciOiJIUzI1NiJ9.eyJ1c2VySWQiOjEyMjgsImlhdCI6MTc1NTc4NTMzMywiZXhwIjoxNzU1ODcxNzMzfQ.CdMcj02-XU6J7BUkcxbzDAOQxNcHOGihm1mxmpJzgm4
1229,eyJhbGciOiJIUzI1NiJ9.eyJ1c2VySWQiOjEyMjksImlhdCI6MTc1NTc4NTMzMywiZXhwIjoxNzU1ODcxNzMzfQ.HWwg3dboHGkGHZjreCI4YcPoDBwY4QCRPDTnGgIKwlg
1230,eyJhbGciOiJIUzI1NiJ9.eyJ1c2VySWQiOjEyMzAsImlhdCI6MTc1NTc4NTMzMywiZXhwIjoxNzU1ODcxNzMzfQ.uQZtGuzhjyg7YkyGKCBuYh_Pn8BOoaVMIfITGAa3GIM
1231,eyJhbGciOiJIUzI1NiJ9.eyJ1c2VySWQiOjEyMzEsImlhdCI6MTc1NTc4NTMzMywiZXhwIjoxNzU1ODcxNzMzfQ.envHxIV2JjFYNwra1WNa6JAlUE2hV2c3y8hLLOnQJBs
1232,eyJhbGciOiJIUzI1NiJ9.eyJ1c2VySWQiOjEyMzIsImlhdCI6MTc1NTc4NTMzMywiZXhwIjoxNzU1ODcxNzMzfQ.Qf3Ebb2eNrsMeaASkHqCoTV1_QGz_GvsfwLeZSXg8yM
1233,eyJhbGciOiJIUzI1NiJ9.eyJ1c2VySWQiOjEyMzMsImlhdCI6MTc1NTc4NTMzMywiZXhwIjoxNzU1ODcxNzMzfQ.Gd_TVJ5h-O-uRjp2geVqsqUmqWYQiBuqvwmMzrSb-Ao
1234,eyJhbGciOiJIUzI1NiJ9.eyJ1c2VySWQiOjEyMzQsImlhdCI6MTc1NTc4NTMzMywiZXhwIjoxNzU1ODcxNzMzfQ.bk0b03UcndFHQe8_LDiWyJoowaBIzpIOcWGfk4Wq3HI
1235,eyJhbGciOiJIUzI1NiJ9.eyJ1c2VySWQiOjEyMzUsImlhdCI6MTc1NTc4NTMzNCwiZXhwIjoxNzU1ODcxNzM0fQ.hoaEg78LMytpu613jjuFTPzX6LUpurl4WaUa43fznWs
1236,eyJhbGciOiJIUzI1NiJ9.eyJ1c2VySWQiOjEyMzYsImlhdCI6MTc1NTc4NTMzNCwiZXhwIjoxNzU1ODcxNzM0fQ.kBY4QHahdNkXn-NGOusXntS60sA1Flk2rAKNL2TTx7E
1237,eyJhbGciOiJIUzI1NiJ9.eyJ1c2VySWQiOjEyMzcsImlhdCI6MTc1NTc4NTMzNCwiZXhwIjoxNzU1ODcxNzM0fQ.oGcrZGQIUBI9rmdeTbjLgJoPIFdyzJ3endIPln1i40g
1238,eyJhbGciOiJIUzI1NiJ9.eyJ1c2VySWQiOjEyMzgsImlhdCI6MTc1NTc4NTMzNCwiZXhwIjoxNzU1ODcxNzM0fQ.TaCMyw2JAO680P6CkF0uAo_BSicHq_hloNPNPKVJsHI
1239,eyJhbGciOiJIUzI1NiJ9.eyJ1c2VySWQiOjEyMzksImlhdCI6MTc1NTc4NTMzNCwiZXhwIjoxNzU1ODcxNzM0fQ.C2D4FR7rdzf1sCsW1VSs4sCwb6tJSb3NxgtLP5kThv8
1240,eyJhbGciOiJIUzI1NiJ9.eyJ1c2VySWQiOjEyNDAsImlhdCI6MTc1NTc4NTMzNCwiZXhwIjoxNzU1ODcxNzM0fQ.ANhrgn2vJwsAIAQ8hjL7YuC0iUBP9e0pK_rxYGj5RQI
1241,eyJhbGciOiJIUzI1NiJ9.eyJ1c2VySWQiOjEyNDEsImlhdCI6MTc1NTc4NTMzNCwiZXhwIjoxNzU1ODcxNzM0fQ.EylfjiVKyklkpsj3dekpbp_TyiHLJEmX-R2ZpjulMrk
1242,eyJhbGciOiJIUzI1NiJ9.eyJ1c2VySWQiOjEyNDIsImlhdCI6MTc1NTc4NTMzNCwiZXhwIjoxNzU1ODcxNzM0fQ.Yx_NfnwjQ32Caa20Wqjzq3j9Iy1nmaASNn9G5eJjebc
1243,eyJhbGciOiJIUzI1NiJ9.eyJ1c2VySWQiOjEyNDMsImlhdCI6MTc1NTc4NTMzNSwiZXhwIjoxNzU1ODcxNzM1fQ.boxHcNhpE6EmN5JboIeUc02H6bY77-EoJCaffuChB9Y
1244,eyJhbGciOiJIUzI1NiJ9.eyJ1c2VySWQiOjEyNDQsImlhdCI6MTc1NTc4NTMzNSwiZXhwIjoxNzU1ODcxNzM1fQ.kjW1U1N_Y8OtbuZBn7dZjtA8hITXVG1izk6UfFksG8w
1245,eyJhbGciOiJIUzI1NiJ9.eyJ1c2VySWQiOjEyNDUsImlhdCI6MTc1NTc4NTMzNSwiZXhwIjoxNzU1ODcxNzM1fQ.krPU0ONxo-mFbbkb359RzxmlES_ynQZ0g2xODn3xDAQ
1246,eyJhbGciOiJIUzI1NiJ9.eyJ1c2VySWQiOjEyNDYsImlhdCI6MTc1NTc4NTMzNSwiZXhwIjoxNzU1ODcxNzM1fQ.9iaAPKDJpPvVQSSPy5MDS-UzBEPsB_ZH7fe6x2oz7ms
1247,eyJhbGciOiJIUzI1NiJ9.eyJ1c2VySWQiOjEyNDcsImlhdCI6MTc1NTc4NTMzNSwiZXhwIjoxNzU1ODcxNzM1fQ.F5ZoljoHu3sSLGT5uXGg94bgPYwdLSbUfTd1QtJxDbk
1248,eyJhbGciOiJIUzI1NiJ9.eyJ1c2VySWQiOjEyNDgsImlhdCI6MTc1NTc4NTMzNSwiZXhwIjoxNzU1ODcxNzM1fQ.LM6sKDUehlx4KN7t8YWv43-Rb5ZbBLGHiqFVWhB0Guc
1249,eyJhbGciOiJIUzI1NiJ9.eyJ1c2VySWQiOjEyNDksImlhdCI6MTc1NTc4NTMzNSwiZXhwIjoxNzU1ODcxNzM1fQ.hK4j82O0xoVZQI85nZUDHW_Iomd8JJFtceKl3Qet6FU
1250,eyJhbGciOiJIUzI1NiJ9.eyJ1c2VySWQiOjEyNTAsImlhdCI6MTc1NTc4NTMzNSwiZXhwIjoxNzU1ODcxNzM1fQ.7Q4dwUKYntLE2QsbRMFuN-IPnbAZE-VrlWLJusOGYHw
1251,eyJhbGciOiJIUzI1NiJ9.eyJ1c2VySWQiOjEyNTEsImlhdCI6MTc1NTc4NTMzNiwiZXhwIjoxNzU1ODcxNzM2fQ.kGUyeL5npKROpLqSbkFbREY2W2TPwkHvPnh7JzEAVEI
1252,eyJhbGciOiJIUzI1NiJ9.eyJ1c2VySWQiOjEyNTIsImlhdCI6MTc1NTc4NTMzNiwiZXhwIjoxNzU1ODcxNzM2fQ.xBZ1DN_yA9n2Ur9k1KSTWzKN74luVtVQj9wDKSzjUNY
1253,eyJhbGciOiJIUzI1NiJ9.eyJ1c2VySWQiOjEyNTMsImlhdCI6MTc1NTc4NTMzNiwiZXhwIjoxNzU1ODcxNzM2fQ.qLO9HYWng41s6RDT5Rs8Q0AgaQA5QgLhD1uweGXp-Jg
1254,eyJhbGciOiJIUzI1NiJ9.eyJ1c2VySWQiOjEyNTQsImlhdCI6MTc1NTc4NTMzNiwiZXhwIjoxNzU1ODcxNzM2fQ.mltPz1KGOO7tsebQAzLkeCKrzQ97VrD53Gj7lVDS7eg
1255,eyJhbGciOiJIUzI1NiJ9.eyJ1c2VySWQiOjEyNTUsImlhdCI6MTc1NTc4NTMzNiwiZXhwIjoxNzU1ODcxNzM2fQ._Xp-5filrnC5L9cl28wElP1vaXoQOVlJ1B_y_7oPCXM
1256,eyJhbGciOiJIUzI1NiJ9.eyJ1c2VySWQiOjEyNTYsImlhdCI6MTc1NTc4NTMzNiwiZXhwIjoxNzU1ODcxNzM2fQ.l-jzPbYPuv6F382FBcJYsXwQWKSJ6nrpoL75M5f82dA
1257,eyJhbGciOiJIUzI1NiJ9.eyJ1c2VySWQiOjEyNTcsImlhdCI6MTc1NTc4NTMzNiwiZXhwIjoxNzU1ODcxNzM2fQ.xHZ2wLWaGzvYztk6UnZH20Ab3V3J_vGNhTzgwKdZTzA
1258,eyJhbGciOiJIUzI1NiJ9.eyJ1c2VySWQiOjEyNTgsImlhdCI6MTc1NTc4NTMzNywiZXhwIjoxNzU1ODcxNzM3fQ.1njIwYnucdTFOL-0mmH6QstyW_BOeKLpuIX3bNH2TgM
1259,eyJhbGciOiJIUzI1NiJ9.eyJ1c2VySWQiOjEyNTksImlhdCI6MTc1NTc4NTMzNywiZXhwIjoxNzU1ODcxNzM3fQ._l0h_04owmdMOLGcsCi1dhrpmnqoXVzVDX5uQ-wLseo
1260,eyJhbGciOiJIUzI1NiJ9.eyJ1c2VySWQiOjEyNjAsImlhdCI6MTc1NTc4NTMzNywiZXhwIjoxNzU1ODcxNzM3fQ.I12tHcFtXoE8C8q1gfXivh73AdRd2rOC_qEYdzoczMM
1261,eyJhbGciOiJIUzI1NiJ9.eyJ1c2VySWQiOjEyNjEsImlhdCI6MTc1NTc4NTMzNywiZXhwIjoxNzU1ODcxNzM3fQ.4-jYdst11Sk6TMQr11KA-F2M64ubsW53B8RSEBB7BmA
1262,eyJhbGciOiJIUzI1NiJ9.eyJ1c2VySWQiOjEyNjIsImlhdCI6MTc1NTc4NTMzNywiZXhwIjoxNzU1ODcxNzM3fQ.GnVBOktT2EELQw0Zc0x2oZ6gLElj3nrj3H_cgPOZGPQ
1263,eyJhbGciOiJIUzI1NiJ9.eyJ1c2VySWQiOjEyNjMsImlhdCI6MTc1NTc4NTMzNywiZXhwIjoxNzU1ODcxNzM3fQ.BhhMGVytGIBjebBgZu7H9ilMMY10k-eUFljVNdEailE
1264,eyJhbGciOiJIUzI1NiJ9.eyJ1c2VySWQiOjEyNjQsImlhdCI6MTc1NTc4NTMzNywiZXhwIjoxNzU1ODcxNzM3fQ.-v2OeB2C5CFXyAO0w76E_HHUFXpAxBZJFDiR-S6c1u8
1265,eyJhbGciOiJIUzI1NiJ9.eyJ1c2VySWQiOjEyNjUsImlhdCI6MTc1NTc4NTMzOCwiZXhwIjoxNzU1ODcxNzM4fQ.Gb6yAKQKvZNqvsxkbIrlEHCyvk3Y-_9pxUzXOX-bn6w
1266,eyJhbGciOiJIUzI1NiJ9.eyJ1c2VySWQiOjEyNjYsImlhdCI6MTc1NTc4NTMzOCwiZXhwIjoxNzU1ODcxNzM4fQ.XHxYKukSD2DnY75lbF465ihHwmfZUWpw3x5SJLziBjM
1267,eyJhbGciOiJIUzI1NiJ9.eyJ1c2VySWQiOjEyNjcsImlhdCI6MTc1NTc4NTMzOCwiZXhwIjoxNzU1ODcxNzM4fQ.mb-3qPgIrECKMWGVKh7EKRV1WthnxaPWYVqvayOCmCs
1268,eyJhbGciOiJIUzI1NiJ9.eyJ1c2VySWQiOjEyNjgsImlhdCI6MTc1NTc4NTMzOCwiZXhwIjoxNzU1ODcxNzM4fQ.fb94YClA_OefjGoLRFj1rwzYELmCOaRhxQ9ftDixYuU
1269,eyJhbGciOiJIUzI1NiJ9.eyJ1c2VySWQiOjEyNjksImlhdCI6MTc1NTc4NTMzOCwiZXhwIjoxNzU1ODcxNzM4fQ.8b28y7wUzWdimYTqAu6F5MS7z60wQtYVZAST9q6HNgc
1270,eyJhbGciOiJIUzI1NiJ9.eyJ1c2VySWQiOjEyNzAsImlhdCI6MTc1NTc4NTMzOCwiZXhwIjoxNzU1ODcxNzM4fQ.oFbE6CLy_zEjqizmHfN0t_H4rFLYaVzerSu70IVxAck
1271,eyJhbGciOiJIUzI1NiJ9.eyJ1c2VySWQiOjEyNzEsImlhdCI6MTc1NTc4NTMzOCwiZXhwIjoxNzU1ODcxNzM4fQ.DJdjLIJPbjc5Vlwy2Mp0vZGtDIZ_yPbmIjGAcnrUpls
1272,eyJhbGciOiJIUzI1NiJ9.eyJ1c2VySWQiOjEyNzIsImlhdCI6MTc1NTc4NTMzOCwiZXhwIjoxNzU1ODcxNzM4fQ.rJ_19Xn27lwMLe_vKCb783GUjO0X5t_c-57hvIcmNiA
1273,eyJhbGciOiJIUzI1NiJ9.eyJ1c2VySWQiOjEyNzMsImlhdCI6MTc1NTc4NTMzOSwiZXhwIjoxNzU1ODcxNzM5fQ.NEvp4q65vHVHCpFMUExvpfn2L9sdmyiY3L_frWvZAZ4
1274,eyJhbGciOiJIUzI1NiJ9.eyJ1c2VySWQiOjEyNzQsImlhdCI6MTc1NTc4NTMzOSwiZXhwIjoxNzU1ODcxNzM5fQ.n9XGb2y17lfT7E9F_z9AsKTDrv4ffKYzOUBDwS4T02U
1275,eyJhbGciOiJIUzI1NiJ9.eyJ1c2VySWQiOjEyNzUsImlhdCI6MTc1NTc4NTMzOSwiZXhwIjoxNzU1ODcxNzM5fQ.4t2Ni0ruRe795FuuxrTFjwsou2xzaGeCTOfXylruois
1276,eyJhbGciOiJIUzI1NiJ9.eyJ1c2VySWQiOjEyNzYsImlhdCI6MTc1NTc4NTMzOSwiZXhwIjoxNzU1ODcxNzM5fQ.KUiM--XsWSLI2b6SVI6q5UyucUXgdX-Btow0A8EHkX8
1277,eyJhbGciOiJIUzI1NiJ9.eyJ1c2VySWQiOjEyNzcsImlhdCI6MTc1NTc4NTMzOSwiZXhwIjoxNzU1ODcxNzM5fQ.c60ug4x_SlBDEpQnf5J1gxVhty3M4X1UO8_1uJfnVaQ
1278,eyJhbGciOiJIUzI1NiJ9.eyJ1c2VySWQiOjEyNzgsImlhdCI6MTc1NTc4NTMzOSwiZXhwIjoxNzU1ODcxNzM5fQ.GSOASlZCJoxryvZi5CpHlXF-Myat7GPg0fFsHNGHu9E
1279,eyJhbGciOiJIUzI1NiJ9.eyJ1c2VySWQiOjEyNzksImlhdCI6MTc1NTc4NTMzOSwiZXhwIjoxNzU1ODcxNzM5fQ.20hc1ZejzkmsiYldepwEKRI8bRLr1QQsVlv6RdGxEgs
1280,eyJhbGciOiJIUzI1NiJ9.eyJ1c2VySWQiOjEyODAsImlhdCI6MTc1NTc4NTMzOSwiZXhwIjoxNzU1ODcxNzM5fQ.TeEuYuxmCJNPULLC1GYNt7sIf3fa1Pt5L_Rbb3Dbwwo
1281,eyJhbGciOiJIUzI1NiJ9.eyJ1c2VySWQiOjEyODEsImlhdCI6MTc1NTc4NTM0MCwiZXhwIjoxNzU1ODcxNzQwfQ._zJ7zTZIu82VGlOHqTN4e4iuk4STInV-WE2mXgxXwJI
1282,eyJhbGciOiJIUzI1NiJ9.eyJ1c2VySWQiOjEyODIsImlhdCI6MTc1NTc4NTM0MCwiZXhwIjoxNzU1ODcxNzQwfQ.jnNA9l-UMcgqvnJgzq4d6y4sm6qlERTXsahj1WFn8MY
1283,eyJhbGciOiJIUzI1NiJ9.eyJ1c2VySWQiOjEyODMsImlhdCI6MTc1NTc4NTM0MCwiZXhwIjoxNzU1ODcxNzQwfQ.wZQpN56n5EF56mH_b3R7izBoaEpZTszCsS5kLSu1q1I
1284,eyJhbGciOiJIUzI1NiJ9.eyJ1c2VySWQiOjEyODQsImlhdCI6MTc1NTc4NTM0MCwiZXhwIjoxNzU1ODcxNzQwfQ.jaVIun4Z87Hhgjc700WtOEmpLSj-xdcWWC2tTlklA6k
1285,eyJhbGciOiJIUzI1NiJ9.eyJ1c2VySWQiOjEyODUsImlhdCI6MTc1NTc4NTM0MCwiZXhwIjoxNzU1ODcxNzQwfQ.bI79IFuGZt3MTv5LlKZFL9M8cyeFlMv4o_vs-PrNLxA
1286,eyJhbGciOiJIUzI1NiJ9.eyJ1c2VySWQiOjEyODYsImlhdCI6MTc1NTc4NTM0MCwiZXhwIjoxNzU1ODcxNzQwfQ.2qAAnkU4Q8RKRpSSV2SNFyuoQeFWDtLdi--thWtP5EU
1287,eyJhbGciOiJIUzI1NiJ9.eyJ1c2VySWQiOjEyODcsImlhdCI6MTc1NTc4NTM0MCwiZXhwIjoxNzU1ODcxNzQwfQ.gYgnj4Hj8N1aclGTQTXd_kIp6_2GYYRZUDWyaKJrwaY
1288,eyJhbGciOiJIUzI1NiJ9.eyJ1c2VySWQiOjEyODgsImlhdCI6MTc1NTc4NTM0MSwiZXhwIjoxNzU1ODcxNzQxfQ.tRAX3VoONteS0hKLgSVMqQ3JhUR4IwGCJAVzvg7rvJY
1289,eyJhbGciOiJIUzI1NiJ9.eyJ1c2VySWQiOjEyODksImlhdCI6MTc1NTc4NTM0MSwiZXhwIjoxNzU1ODcxNzQxfQ.u3wwXMq0VYvDa3A2Q64SlV1VAvsQ6GXRYfBGmHruFIU
1290,eyJhbGciOiJIUzI1NiJ9.eyJ1c2VySWQiOjEyOTAsImlhdCI6MTc1NTc4NTM0MSwiZXhwIjoxNzU1ODcxNzQxfQ.0IXVbeKV_zTiCmw6Hc2DAsS7ocxN056LS5LZJng_y8Q
1291,eyJhbGciOiJIUzI1NiJ9.eyJ1c2VySWQiOjEyOTEsImlhdCI6MTc1NTc4NTM0MSwiZXhwIjoxNzU1ODcxNzQxfQ.FxQZnA_9HKW2zoJBC2d-9fGUAdXSo7WvputYY-lvxUc
1292,eyJhbGciOiJIUzI1NiJ9.eyJ1c2VySWQiOjEyOTIsImlhdCI6MTc1NTc4NTM0MSwiZXhwIjoxNzU1ODcxNzQxfQ.lKHwOYlwmG7O6PQ2-vPRYEoW73tUgy782oEAMQekEN4
1293,eyJhbGciOiJIUzI1NiJ9.eyJ1c2VySWQiOjEyOTMsImlhdCI6MTc1NTc4NTM0MSwiZXhwIjoxNzU1ODcxNzQxfQ.aIZ2Gk12zqjK2kpeUKBjdWoNCj_f_WjDlT4YJ55VvCk
1294,eyJhbGciOiJIUzI1NiJ9.eyJ1c2VySWQiOjEyOTQsImlhdCI6MTc1NTc4NTM0MSwiZXhwIjoxNzU1ODcxNzQxfQ.0ccTools1fHnM3_KEPMpVCj_TDATFF3zZ_UQytxnvzA
1295,eyJhbGciOiJIUzI1NiJ9.eyJ1c2VySWQiOjEyOTUsImlhdCI6MTc1NTc4NTM0MSwiZXhwIjoxNzU1ODcxNzQxfQ.GUEO0aMlAXUS-mvaPU1nsZ9TghZ-y692QKiHaGBWWLY
1296,eyJhbGciOiJIUzI1NiJ9.eyJ1c2VySWQiOjEyOTYsImlhdCI6MTc1NTc4NTM0MiwiZXhwIjoxNzU1ODcxNzQyfQ.4Q-E0y0GPSEcGikLTI8qM7UVSMo7w77Ef1CksbOWfMo
1297,eyJhbGciOiJIUzI1NiJ9.eyJ1c2VySWQiOjEyOTcsImlhdCI6MTc1NTc4NTM0MiwiZXhwIjoxNzU1ODcxNzQyfQ.hTmojMhj7n2JrAf2TIsdTRII8ZUv9jDz0XKee8OzaDI
1298,eyJhbGciOiJIUzI1NiJ9.eyJ1c2VySWQiOjEyOTgsImlhdCI6MTc1NTc4NTM0MiwiZXhwIjoxNzU1ODcxNzQyfQ.KcKdfR_AITThV4tFLgblZPdF8TvIAlK2nW0dFLxZWtM
1299,eyJhbGciOiJIUzI1NiJ9.eyJ1c2VySWQiOjEyOTksImlhdCI6MTc1NTc4NTM0MiwiZXhwIjoxNzU1ODcxNzQyfQ.KiwGmFlpWaLZliUX_pifwRoERV2Kr-rgB3K1MER3bEU
1300,eyJhbGciOiJIUzI1NiJ9.eyJ1c2VySWQiOjEzMDAsImlhdCI6MTc1NTc4NTM0MiwiZXhwIjoxNzU1ODcxNzQyfQ.yfPKTSagWTbYqrBoHABztyH2UPcSvi4wVvZ-W8AExJ0
1301,eyJhbGciOiJIUzI1NiJ9.eyJ1c2VySWQiOjEzMDEsImlhdCI6MTc1NTc4NTM0MiwiZXhwIjoxNzU1ODcxNzQyfQ.2gxN8vNFOoQuD30PYNY1Lb5JbAsHslhwf4FWqnEw6_o
1302,eyJhbGciOiJIUzI1NiJ9.eyJ1c2VySWQiOjEzMDIsImlhdCI6MTc1NTc4NTM0MiwiZXhwIjoxNzU1ODcxNzQyfQ.1PfQrVhrSmlz9S49cuz55Q4B-c5OthpbaOgazOo_9Qg
1303,eyJhbGciOiJIUzI1NiJ9.eyJ1c2VySWQiOjEzMDMsImlhdCI6MTc1NTc4NTM0MiwiZXhwIjoxNzU1ODcxNzQyfQ.os2bRemdL1dqYdFrSKs6ydZhi5iPoQ7J9haSvYsmIyY
1304,eyJhbGciOiJIUzI1NiJ9.eyJ1c2VySWQiOjEzMDQsImlhdCI6MTc1NTc4NTM0MywiZXhwIjoxNzU1ODcxNzQzfQ.6M-E6g28WWEkbPk_gHo8oE1WifBlofoEmRy5wod5m0I
1305,eyJhbGciOiJIUzI1NiJ9.eyJ1c2VySWQiOjEzMDUsImlhdCI6MTc1NTc4NTM0MywiZXhwIjoxNzU1ODcxNzQzfQ.LO1eKzY_cpUbLH86r_xW5LPazvKDTaZjM2yWBGVRm_M
1306,eyJhbGciOiJIUzI1NiJ9.eyJ1c2VySWQiOjEzMDYsImlhdCI6MTc1NTc4NTM0MywiZXhwIjoxNzU1ODcxNzQzfQ.sgcnQXskEZGf68sL0jH25twS-33QE36m6y4bT4quW0o
1307,eyJhbGciOiJIUzI1NiJ9.eyJ1c2VySWQiOjEzMDcsImlhdCI6MTc1NTc4NTM0MywiZXhwIjoxNzU1ODcxNzQzfQ.eadKbG5DJt8zHPtNgsLl5MaqlfJFqUixq9wJvWMhTig
1308,eyJhbGciOiJIUzI1NiJ9.eyJ1c2VySWQiOjEzMDgsImlhdCI6MTc1NTc4NTM0MywiZXhwIjoxNzU1ODcxNzQzfQ.QpFE8NlulCVMta-UfiQ9eRVdWWuxLr88ASlABzuNu50
1309,eyJhbGciOiJIUzI1NiJ9.eyJ1c2VySWQiOjEzMDksImlhdCI6MTc1NTc4NTM0MywiZXhwIjoxNzU1ODcxNzQzfQ.MSfgJB_Zte5t5zyHt7dbj7ncV_8Pqe39lsWGsskXSso
1310,eyJhbGciOiJIUzI1NiJ9.eyJ1c2VySWQiOjEzMTAsImlhdCI6MTc1NTc4NTM0MywiZXhwIjoxNzU1ODcxNzQzfQ.4ECejNUxWjWJpMjPa4j8RQZO703mVE9sPfmXLXOhpOk
1311,eyJhbGciOiJIUzI1NiJ9.eyJ1c2VySWQiOjEzMTEsImlhdCI6MTc1NTc4NTM0NCwiZXhwIjoxNzU1ODcxNzQ0fQ.ptMYNq83REMttRa6ATx91-fCRzaek3qEoLK4eCGl88A
1312,eyJhbGciOiJIUzI1NiJ9.eyJ1c2VySWQiOjEzMTIsImlhdCI6MTc1NTc4NTM0NCwiZXhwIjoxNzU1ODcxNzQ0fQ.a10-iKuG_eSBB_ssHHYgoJklpxg1ev93A82iWxOkrWQ
1313,eyJhbGciOiJIUzI1NiJ9.eyJ1c2VySWQiOjEzMTMsImlhdCI6MTc1NTc4NTM0NCwiZXhwIjoxNzU1ODcxNzQ0fQ.pqnqZgHeAR-UPbrLbHFL6Kb2jqrSBbTOTZgdKzE_574
1314,eyJhbGciOiJIUzI1NiJ9.eyJ1c2VySWQiOjEzMTQsImlhdCI6MTc1NTc4NTM0NCwiZXhwIjoxNzU1ODcxNzQ0fQ.n1NgF124DhkAALSOsKbDWyrtqgWewGH5ZpVaLoy57Ss
1315,eyJhbGciOiJIUzI1NiJ9.eyJ1c2VySWQiOjEzMTUsImlhdCI6MTc1NTc4NTM0NCwiZXhwIjoxNzU1ODcxNzQ0fQ.l7FD1_u4SZanlgiz9boyiDwKzeM01Ft24mzbmQ-CMW4
1316,eyJhbGciOiJIUzI1NiJ9.eyJ1c2VySWQiOjEzMTYsImlhdCI6MTc1NTc4NTM0NCwiZXhwIjoxNzU1ODcxNzQ0fQ.EWoCWZNkFxFgcqeqKIBPseJzEXD_Appx43LLcfPWesQ
1317,eyJhbGciOiJIUzI1NiJ9.eyJ1c2VySWQiOjEzMTcsImlhdCI6MTc1NTc4NTM0NCwiZXhwIjoxNzU1ODcxNzQ0fQ.faWpaxCFHCenDscopN3SGGmTmFZm7qUXnNJ4kBSwBO4
1318,eyJhbGciOiJIUzI1NiJ9.eyJ1c2VySWQiOjEzMTgsImlhdCI6MTc1NTc4NTM0NCwiZXhwIjoxNzU1ODcxNzQ0fQ.19mHS_-NZCCVgzAyZAqIwHv3hi-6qnKX6UhBbYA8e44
1319,eyJhbGciOiJIUzI1NiJ9.eyJ1c2VySWQiOjEzMTksImlhdCI6MTc1NTc4NTM0NSwiZXhwIjoxNzU1ODcxNzQ1fQ.DDEROyoT3Njvmz9368T_sONhZQw0LbaLrWM1W8tO1AQ
1320,eyJhbGciOiJIUzI1NiJ9.eyJ1c2VySWQiOjEzMjAsImlhdCI6MTc1NTc4NTM0NSwiZXhwIjoxNzU1ODcxNzQ1fQ.tvFzyOwo1WRJ2mCZebf8p6R5shd3mX8XflMFP236A9A
1321,eyJhbGciOiJIUzI1NiJ9.eyJ1c2VySWQiOjEzMjEsImlhdCI6MTc1NTc4NTM0NSwiZXhwIjoxNzU1ODcxNzQ1fQ.KL45pYbkGH5LCgzUgqxUZaPqLJiyMXpYvXsO2ZN08aM
1322,eyJhbGciOiJIUzI1NiJ9.eyJ1c2VySWQiOjEzMjIsImlhdCI6MTc1NTc4NTM0NSwiZXhwIjoxNzU1ODcxNzQ1fQ.Ad-YPyF81SI9KtkmtKtti3Vknoxju5HrS3cLiiTtKNU
1323,eyJhbGciOiJIUzI1NiJ9.eyJ1c2VySWQiOjEzMjMsImlhdCI6MTc1NTc4NTM0NSwiZXhwIjoxNzU1ODcxNzQ1fQ.l3mB8p8_eCKwgYL-DmanCzRMm_DX1_PutVATTksRKVg
1324,eyJhbGciOiJIUzI1NiJ9.eyJ1c2VySWQiOjEzMjQsImlhdCI6MTc1NTc4NTM0NSwiZXhwIjoxNzU1ODcxNzQ1fQ.gwUVZdP6pFo0p0jXNCisUC6LfUYzVLH1mnenW3RklyM
1325,eyJhbGciOiJIUzI1NiJ9.eyJ1c2VySWQiOjEzMjUsImlhdCI6MTc1NTc4NTM0NSwiZXhwIjoxNzU1ODcxNzQ1fQ.CMvOB3kRqEti-Ihk59Rq17qTUHbi49gG527nPLhwdhg
1326,eyJhbGciOiJIUzI1NiJ9.eyJ1c2VySWQiOjEzMjYsImlhdCI6MTc1NTc4NTM0NSwiZXhwIjoxNzU1ODcxNzQ1fQ.b4d0Ce0biQdzgKjvifOewJ9qKyasszFDEQpMRD4BCo8
1327,eyJhbGciOiJIUzI1NiJ9.eyJ1c2VySWQiOjEzMjcsImlhdCI6MTc1NTc4NTM0NiwiZXhwIjoxNzU1ODcxNzQ2fQ.2VAreMFmM4dFlhz1FrmioybjUoUGnlmxps04Y4qkZJA
1328,eyJhbGciOiJIUzI1NiJ9.eyJ1c2VySWQiOjEzMjgsImlhdCI6MTc1NTc4NTM0NiwiZXhwIjoxNzU1ODcxNzQ2fQ.f_LdBBlw0rfSO6yMYie4k3LxAkAPFpcypH9mZSJ6l8c
1329,eyJhbGciOiJIUzI1NiJ9.eyJ1c2VySWQiOjEzMjksImlhdCI6MTc1NTc4NTM0NiwiZXhwIjoxNzU1ODcxNzQ2fQ.ysxwyxxFh2l_oSlDis-ccqjRTimNFLz-G4Wm1Xh1XlQ
1330,eyJhbGciOiJIUzI1NiJ9.eyJ1c2VySWQiOjEzMzAsImlhdCI6MTc1NTc4NTM0NiwiZXhwIjoxNzU1ODcxNzQ2fQ.nrOjqUkZX4f8ApvY0dSz6nYEnQ3ebq7WI1HdodBslN4
1331,eyJhbGciOiJIUzI1NiJ9.eyJ1c2VySWQiOjEzMzEsImlhdCI6MTc1NTc4NTM0NiwiZXhwIjoxNzU1ODcxNzQ2fQ.jEDEX6LbxTlbMfmkySmdvnJPafnyfXpoEbdepwfe-3Y
1332,eyJhbGciOiJIUzI1NiJ9.eyJ1c2VySWQiOjEzMzIsImlhdCI6MTc1NTc4NTM0NiwiZXhwIjoxNzU1ODcxNzQ2fQ.L22nlV60QczwpwJTRWc_VK5IU4DtfPUe1vVPPbS_J8g
1333,eyJhbGciOiJIUzI1NiJ9.eyJ1c2VySWQiOjEzMzMsImlhdCI6MTc1NTc4NTM0NiwiZXhwIjoxNzU1ODcxNzQ2fQ.f7OFGuumq5iaus5L-G1Ck-eYbq5Z1Lu1PS0nAAhOOkk
1334,eyJhbGciOiJIUzI1NiJ9.eyJ1c2VySWQiOjEzMzQsImlhdCI6MTc1NTc4NTM0NiwiZXhwIjoxNzU1ODcxNzQ2fQ.TQLggu7DiRU_SSPxH1Ld-CNTQDJVL-kRHd0aExPbNQs
1335,eyJhbGciOiJIUzI1NiJ9.eyJ1c2VySWQiOjEzMzUsImlhdCI6MTc1NTc4NTM0NywiZXhwIjoxNzU1ODcxNzQ3fQ.E67VhfT2vmN_HqSI9xKFAzS1XS7um3-j3o2JrsZulYA
1336,eyJhbGciOiJIUzI1NiJ9.eyJ1c2VySWQiOjEzMzYsImlhdCI6MTc1NTc4NTM0NywiZXhwIjoxNzU1ODcxNzQ3fQ.I8NRiTyytpfXL340F0luJWQTFrwAcchHBpgP6EZ5spc
1337,eyJhbGciOiJIUzI1NiJ9.eyJ1c2VySWQiOjEzMzcsImlhdCI6MTc1NTc4NTM0NywiZXhwIjoxNzU1ODcxNzQ3fQ.TokO9FkMYCihXnS6MyWtxH4zwuumWZdJsCXHeq-qOUY
1338,eyJhbGciOiJIUzI1NiJ9.eyJ1c2VySWQiOjEzMzgsImlhdCI6MTc1NTc4NTM0NywiZXhwIjoxNzU1ODcxNzQ3fQ.skGhHbV4r6I0LUh5DlcLQshRojbJuxi9DxoEvfjWryM
1339,eyJhbGciOiJIUzI1NiJ9.eyJ1c2VySWQiOjEzMzksImlhdCI6MTc1NTc4NTM0NywiZXhwIjoxNzU1ODcxNzQ3fQ.qT_3W7u3x62CwhW-WDmHxhoSZhTjULfIvUhyFxc63is
1340,eyJhbGciOiJIUzI1NiJ9.eyJ1c2VySWQiOjEzNDAsImlhdCI6MTc1NTc4NTM0NywiZXhwIjoxNzU1ODcxNzQ3fQ.zt7Foa6VK-Z18Bgam8BzSZ2KIlxYpTt_4cS3xjV3LWU
1341,eyJhbGciOiJIUzI1NiJ9.eyJ1c2VySWQiOjEzNDEsImlhdCI6MTc1NTc4NTM0NywiZXhwIjoxNzU1ODcxNzQ3fQ.hJBcHun6yfTHMRM2Oq5m0O6Jq0TZZN5m1xkji5lncl8
1342,eyJhbGciOiJIUzI1NiJ9.eyJ1c2VySWQiOjEzNDIsImlhdCI6MTc1NTc4NTM0OCwiZXhwIjoxNzU1ODcxNzQ4fQ.Gy0RBEHyKbvIXk05wtcMT3rtLU22vWY0p4RqYpfVZiw
1343,eyJhbGciOiJIUzI1NiJ9.eyJ1c2VySWQiOjEzNDMsImlhdCI6MTc1NTc4NTM0OCwiZXhwIjoxNzU1ODcxNzQ4fQ.M6Z94piy5mL7Y43g0So6TBWuTxHfkUauTJB5EHqYfSY
1344,eyJhbGciOiJIUzI1NiJ9.eyJ1c2VySWQiOjEzNDQsImlhdCI6MTc1NTc4NTM0OCwiZXhwIjoxNzU1ODcxNzQ4fQ.18jJDNc7Wx3NW6qAqbFpV2eJ8nHpOVa6T2un7KmNiKc
1345,eyJhbGciOiJIUzI1NiJ9.eyJ1c2VySWQiOjEzNDUsImlhdCI6MTc1NTc4NTM0OCwiZXhwIjoxNzU1ODcxNzQ4fQ.CqzU2KT04d58vzIjGUYGPPESkXTK52R3ExGtP5ErZDI
1346,eyJhbGciOiJIUzI1NiJ9.eyJ1c2VySWQiOjEzNDYsImlhdCI6MTc1NTc4NTM0OCwiZXhwIjoxNzU1ODcxNzQ4fQ.Q54WuTOO4zN8PaE9yIpOQhuK259grqLwJhhmmPR9R-U
1347,eyJhbGciOiJIUzI1NiJ9.eyJ1c2VySWQiOjEzNDcsImlhdCI6MTc1NTc4NTM0OCwiZXhwIjoxNzU1ODcxNzQ4fQ.XKZtuIpshahe5LvJexDyYqhWrJfOXvzlGWtARFVhwj0
1348,eyJhbGciOiJIUzI1NiJ9.eyJ1c2VySWQiOjEzNDgsImlhdCI6MTc1NTc4NTM0OCwiZXhwIjoxNzU1ODcxNzQ4fQ.wO31U2Q3DELlTvgabu9SyFUvA7BPvYcO3N0Dh5M_TnM
1349,eyJhbGciOiJIUzI1NiJ9.eyJ1c2VySWQiOjEzNDksImlhdCI6MTc1NTc4NTM0OCwiZXhwIjoxNzU1ODcxNzQ4fQ.nbd_qK4o-m2_SQ6gUVN7Lkan3793_W-D1VNIBcCcwko
1350,eyJhbGciOiJIUzI1NiJ9.eyJ1c2VySWQiOjEzNTAsImlhdCI6MTc1NTc4NTM0OSwiZXhwIjoxNzU1ODcxNzQ5fQ.D8mq7IoTa64jW_SGlsTbHamfoZ_xhj4ptVZiz7_gJP4
1351,eyJhbGciOiJIUzI1NiJ9.eyJ1c2VySWQiOjEzNTEsImlhdCI6MTc1NTc4NTM0OSwiZXhwIjoxNzU1ODcxNzQ5fQ.BlT6d6HO_Nh-paHOXdDQ9wOpPbaKt42YoJEWC5EzAQw
1352,eyJhbGciOiJIUzI1NiJ9.eyJ1c2VySWQiOjEzNTIsImlhdCI6MTc1NTc4NTM0OSwiZXhwIjoxNzU1ODcxNzQ5fQ.9MEaBgrhTBblIaMS_VeQ81iJY8qostAOmpzb65jqihE
1353,eyJhbGciOiJIUzI1NiJ9.eyJ1c2VySWQiOjEzNTMsImlhdCI6MTc1NTc4NTM0OSwiZXhwIjoxNzU1ODcxNzQ5fQ.7tpj2HtLFMT3_plFEWMiYu-aZGhlBX2zNorbhqboW_Q
1354,eyJhbGciOiJIUzI1NiJ9.eyJ1c2VySWQiOjEzNTQsImlhdCI6MTc1NTc4NTM0OSwiZXhwIjoxNzU1ODcxNzQ5fQ.iL44uL7f8HO3VoOBJrjl9n6NlgMxsD8EpRzKKG-xxEY
1355,eyJhbGciOiJIUzI1NiJ9.eyJ1c2VySWQiOjEzNTUsImlhdCI6MTc1NTc4NTM0OSwiZXhwIjoxNzU1ODcxNzQ5fQ.GeIHwpOPi7YAynBFGTcODq8JWfiNd6T-p1NWQU0-6D4
1356,eyJhbGciOiJIUzI1NiJ9.eyJ1c2VySWQiOjEzNTYsImlhdCI6MTc1NTc4NTM0OSwiZXhwIjoxNzU1ODcxNzQ5fQ.wOPUvZ2P2d5kPz9eNpt1cn6rT9rVQWXUOGL6Q75KB-4
1357,eyJhbGciOiJIUzI1NiJ9.eyJ1c2VySWQiOjEzNTcsImlhdCI6MTc1NTc4NTM0OSwiZXhwIjoxNzU1ODcxNzQ5fQ.80cXsUkHijI82mXaZeQF8ZOqn-UkCfBmX1N3Y2mcCCI
1358,eyJhbGciOiJIUzI1NiJ9.eyJ1c2VySWQiOjEzNTgsImlhdCI6MTc1NTc4NTM1MCwiZXhwIjoxNzU1ODcxNzUwfQ.xI_VSxxFv9EKoAiQoJV004e_QHNpKFa7K9sCUVsS-qA
1359,eyJhbGciOiJIUzI1NiJ9.eyJ1c2VySWQiOjEzNTksImlhdCI6MTc1NTc4NTM1MCwiZXhwIjoxNzU1ODcxNzUwfQ.Q9vgNxOg6uP9YRa3kQcAxKBAfkOnzl0-Y1hMfd0GzxM
1360,eyJhbGciOiJIUzI1NiJ9.eyJ1c2VySWQiOjEzNjAsImlhdCI6MTc1NTc4NTM1MCwiZXhwIjoxNzU1ODcxNzUwfQ.GRmSmmIYlr5AkIki1nVvvJn0oFDyY_9iW3gBPt0B3WM
1361,eyJhbGciOiJIUzI1NiJ9.eyJ1c2VySWQiOjEzNjEsImlhdCI6MTc1NTc4NTM1MCwiZXhwIjoxNzU1ODcxNzUwfQ.t9TJXZvVidsLq2zKtaitksBmDI2DftqXMIMjH_sOb0U
1362,eyJhbGciOiJIUzI1NiJ9.eyJ1c2VySWQiOjEzNjIsImlhdCI6MTc1NTc4NTM1MCwiZXhwIjoxNzU1ODcxNzUwfQ.O0FYy7yxbXie5iri6mSGjPL8VOjPDkhHIu23bR1V8WE
1363,eyJhbGciOiJIUzI1NiJ9.eyJ1c2VySWQiOjEzNjMsImlhdCI6MTc1NTc4NTM1MCwiZXhwIjoxNzU1ODcxNzUwfQ.y47F6ULl3BrMCcfo4ZexSt__-zb-6X5VvasepcL6iJ8
1364,eyJhbGciOiJIUzI1NiJ9.eyJ1c2VySWQiOjEzNjQsImlhdCI6MTc1NTc4NTM1MCwiZXhwIjoxNzU1ODcxNzUwfQ.MlYR2bvTIW43Ku-wU8rAEOBP7PrqTSekLBL2AOaIYA8
1365,eyJhbGciOiJIUzI1NiJ9.eyJ1c2VySWQiOjEzNjUsImlhdCI6MTc1NTc4NTM1MSwiZXhwIjoxNzU1ODcxNzUxfQ.eMvqBqkaioUY52UT8u643Boi9DRqBkiopGpwC5ZrsuI
1366,eyJhbGciOiJIUzI1NiJ9.eyJ1c2VySWQiOjEzNjYsImlhdCI6MTc1NTc4NTM1MSwiZXhwIjoxNzU1ODcxNzUxfQ.qgO46excYSQDfU26F2011vLMSNFpgLPhHiXESg3rank
1367,eyJhbGciOiJIUzI1NiJ9.eyJ1c2VySWQiOjEzNjcsImlhdCI6MTc1NTc4NTM1MSwiZXhwIjoxNzU1ODcxNzUxfQ.-mI0dfv68X83OeLhEoWjB1D0BDM-R87_HudrXHGQg9o
1368,eyJhbGciOiJIUzI1NiJ9.eyJ1c2VySWQiOjEzNjgsImlhdCI6MTc1NTc4NTM1MSwiZXhwIjoxNzU1ODcxNzUxfQ.GKhFo8S6z0Ow_1pQC_7PybHGzpeZxnyFKng-bE22dUI
1369,eyJhbGciOiJIUzI1NiJ9.eyJ1c2VySWQiOjEzNjksImlhdCI6MTc1NTc4NTM1MSwiZXhwIjoxNzU1ODcxNzUxfQ.Y7mzgex0AtRHJ-QcJpMuQnoFziW3tLBZJwEXlpmHjoA
1370,eyJhbGciOiJIUzI1NiJ9.eyJ1c2VySWQiOjEzNzAsImlhdCI6MTc1NTc4NTM1MSwiZXhwIjoxNzU1ODcxNzUxfQ.GnLRsPrlqqKji-6IIthZ9bT4_rC9YDVINBxW0LbZOFs
1371,eyJhbGciOiJIUzI1NiJ9.eyJ1c2VySWQiOjEzNzEsImlhdCI6MTc1NTc4NTM1MSwiZXhwIjoxNzU1ODcxNzUxfQ.dm1yXBuW3qRMqqfJ01V8hQWFjYzeffHAar2gCbkIWJY
1372,eyJhbGciOiJIUzI1NiJ9.eyJ1c2VySWQiOjEzNzIsImlhdCI6MTc1NTc4NTM1MSwiZXhwIjoxNzU1ODcxNzUxfQ.en9nPlg435mAInDy5qG0i3F6XPSKDJKPJnUvmmqhwb0
1373,eyJhbGciOiJIUzI1NiJ9.eyJ1c2VySWQiOjEzNzMsImlhdCI6MTc1NTc4NTM1MiwiZXhwIjoxNzU1ODcxNzUyfQ.0upi2-c3iT5NRY5ixCRY6tJpNGxjXpZNUXMrCeb8VbU
1374,eyJhbGciOiJIUzI1NiJ9.eyJ1c2VySWQiOjEzNzQsImlhdCI6MTc1NTc4NTM1MiwiZXhwIjoxNzU1ODcxNzUyfQ.MW5sUxQL0tcjtFSrHXBDV9IBCMrszi9TvChs0HeAKlc
1375,eyJhbGciOiJIUzI1NiJ9.eyJ1c2VySWQiOjEzNzUsImlhdCI6MTc1NTc4NTM1MiwiZXhwIjoxNzU1ODcxNzUyfQ.GrA01gN-N9KoD-WYcVWzam9cm-q7d_3TpctOEpmUy6E
1376,eyJhbGciOiJIUzI1NiJ9.eyJ1c2VySWQiOjEzNzYsImlhdCI6MTc1NTc4NTM1MiwiZXhwIjoxNzU1ODcxNzUyfQ.zkSvHrXqbJ9bzSgOdTY-TTZY5RVRHe3UHKfuzZP0_Dc
1377,eyJhbGciOiJIUzI1NiJ9.eyJ1c2VySWQiOjEzNzcsImlhdCI6MTc1NTc4NTM1MiwiZXhwIjoxNzU1ODcxNzUyfQ.V15jMvuINNJte9TJv02fM-uZie-qtnyOe1cVC8EVCqw
1378,eyJhbGciOiJIUzI1NiJ9.eyJ1c2VySWQiOjEzNzgsImlhdCI6MTc1NTc4NTM1MiwiZXhwIjoxNzU1ODcxNzUyfQ.dsbJiirI-oNd6uArg_CZKniFgOtTNjaonIqvN8JaCnY
1379,eyJhbGciOiJIUzI1NiJ9.eyJ1c2VySWQiOjEzNzksImlhdCI6MTc1NTc4NTM1MiwiZXhwIjoxNzU1ODcxNzUyfQ.AA7cr_BpxLxKuU00O8E1KWfYQC6exZt-_wvb_LPmvCI
1380,eyJhbGciOiJIUzI1NiJ9.eyJ1c2VySWQiOjEzODAsImlhdCI6MTc1NTc4NTM1MywiZXhwIjoxNzU1ODcxNzUzfQ.d5zKz6hbBUlUiNPMqXn21720PzUNMM4PahiSkH3nBno
1381,eyJhbGciOiJIUzI1NiJ9.eyJ1c2VySWQiOjEzODEsImlhdCI6MTc1NTc4NTM1MywiZXhwIjoxNzU1ODcxNzUzfQ.lp_9SsNbllC1cj3Pp2hP68-I-eEfMJLAxhwi_WDPV14
1382,eyJhbGciOiJIUzI1NiJ9.eyJ1c2VySWQiOjEzODIsImlhdCI6MTc1NTc4NTM1MywiZXhwIjoxNzU1ODcxNzUzfQ.7KctNMwnEP_0aKt1SEM6LKGZP-gmCB3XejbrnHGw24Y
1383,eyJhbGciOiJIUzI1NiJ9.eyJ1c2VySWQiOjEzODMsImlhdCI6MTc1NTc4NTM1MywiZXhwIjoxNzU1ODcxNzUzfQ.ltjQlCca8Gzw2nqIHOkIXJ0RWUcSsCsZsfZmlXf6jVk
1384,eyJhbGciOiJIUzI1NiJ9.eyJ1c2VySWQiOjEzODQsImlhdCI6MTc1NTc4NTM1MywiZXhwIjoxNzU1ODcxNzUzfQ.GyCDnmyKgFMElbINZ0jCFgFbWEsP9YtGOBDsopWS5Vw
1385,eyJhbGciOiJIUzI1NiJ9.eyJ1c2VySWQiOjEzODUsImlhdCI6MTc1NTc4NTM1MywiZXhwIjoxNzU1ODcxNzUzfQ.yNg_Q2kgcsfMiwmHvwF-0pAdbHXLz2jE0_h1ajXi_XU
1386,eyJhbGciOiJIUzI1NiJ9.eyJ1c2VySWQiOjEzODYsImlhdCI6MTc1NTc4NTM1MywiZXhwIjoxNzU1ODcxNzUzfQ.vWCLPg4SrrjnlOLlOIkn4SyMkfxCAQ54chKoJCtOTic
1387,eyJhbGciOiJIUzI1NiJ9.eyJ1c2VySWQiOjEzODcsImlhdCI6MTc1NTc4NTM1MywiZXhwIjoxNzU1ODcxNzUzfQ.aoxa7e_xmdYx81olhrRSG_oVtt11nwp072vjrm53Mks
1388,eyJhbGciOiJIUzI1NiJ9.eyJ1c2VySWQiOjEzODgsImlhdCI6MTc1NTc4NTM1NCwiZXhwIjoxNzU1ODcxNzU0fQ.dgx_2Gl-d9BV7ZPZaLY98DWTGsWESpWmniLePw6mSms
1389,eyJhbGciOiJIUzI1NiJ9.eyJ1c2VySWQiOjEzODksImlhdCI6MTc1NTc4NTM1NCwiZXhwIjoxNzU1ODcxNzU0fQ.A3e84--WS2HlUfIbcnNQod9IDK-XOqNFa1GHkifIFJc
1390,eyJhbGciOiJIUzI1NiJ9.eyJ1c2VySWQiOjEzOTAsImlhdCI6MTc1NTc4NTM1NCwiZXhwIjoxNzU1ODcxNzU0fQ.NXicdX2XzjUrzgD97yr6u8jB-RzyGYnjOfZAHx0xEZc
1391,eyJhbGciOiJIUzI1NiJ9.eyJ1c2VySWQiOjEzOTEsImlhdCI6MTc1NTc4NTM1NCwiZXhwIjoxNzU1ODcxNzU0fQ.dPvMokFUB-RdsEVWdiPVxBECPE5loOoU07FfZCJ8A2c
1392,eyJhbGciOiJIUzI1NiJ9.eyJ1c2VySWQiOjEzOTIsImlhdCI6MTc1NTc4NTM1NCwiZXhwIjoxNzU1ODcxNzU0fQ.jHhxYEAngbExtPMgZ7zxzl4sYoe6Eqi1VOUeDBmTLWY
1393,eyJhbGciOiJIUzI1NiJ9.eyJ1c2VySWQiOjEzOTMsImlhdCI6MTc1NTc4NTM1NCwiZXhwIjoxNzU1ODcxNzU0fQ.l9ttYrBWgC8i8wBviolmzGwFhq_HKX-KbhVTRokKKD8
1394,eyJhbGciOiJIUzI1NiJ9.eyJ1c2VySWQiOjEzOTQsImlhdCI6MTc1NTc4NTM1NCwiZXhwIjoxNzU1ODcxNzU0fQ.rbeb5Royjva773ifJp-mBX_T4Nut0kmqnDCecGrb_4w
1395,eyJhbGciOiJIUzI1NiJ9.eyJ1c2VySWQiOjEzOTUsImlhdCI6MTc1NTc4NTM1NCwiZXhwIjoxNzU1ODcxNzU0fQ.JP5E75EnQ0joe7P19ZRaTUpNbfHoP5Q0lFnPNmjjCk0
1396,eyJhbGciOiJIUzI1NiJ9.eyJ1c2VySWQiOjEzOTYsImlhdCI6MTc1NTc4NTM1NSwiZXhwIjoxNzU1ODcxNzU1fQ.vcovr1xuzdXDb2lHHOH4TJPlxmk3W3AlC-6OcwAesOk
1397,eyJhbGciOiJIUzI1NiJ9.eyJ1c2VySWQiOjEzOTcsImlhdCI6MTc1NTc4NTM1NSwiZXhwIjoxNzU1ODcxNzU1fQ.ADV7vDrMqTsdQDSQP9cDp7D7vKc_G6_Jm3U6BUQ0k-o
1398,eyJhbGciOiJIUzI1NiJ9.eyJ1c2VySWQiOjEzOTgsImlhdCI6MTc1NTc4NTM1NSwiZXhwIjoxNzU1ODcxNzU1fQ.crOl1Nps6v_ph5c29H-MmAs2h7dyEGzZDzY2xHbCr40
1399,eyJhbGciOiJIUzI1NiJ9.eyJ1c2VySWQiOjEzOTksImlhdCI6MTc1NTc4NTM1NSwiZXhwIjoxNzU1ODcxNzU1fQ.uDaBZNBu5RXV6DbuMCCtHRg8HczDLxfPbrpxdKOhkGw
1400,eyJhbGciOiJIUzI1NiJ9.eyJ1c2VySWQiOjE0MDAsImlhdCI6MTc1NTc4NTM1NSwiZXhwIjoxNzU1ODcxNzU1fQ.4xgR73A5ifJBHlfMyoSi2V7UhU8OYIPY6SG8VjeZMQs
1401,eyJhbGciOiJIUzI1NiJ9.eyJ1c2VySWQiOjE0MDEsImlhdCI6MTc1NTc4NTM1NSwiZXhwIjoxNzU1ODcxNzU1fQ.xbgIfBsrla1H-iZHvGWUXvWpq2RZ4OlcfWYD9F3SPvs
1402,eyJhbGciOiJIUzI1NiJ9.eyJ1c2VySWQiOjE0MDIsImlhdCI6MTc1NTc4NTM1NSwiZXhwIjoxNzU1ODcxNzU1fQ.32xaw-q6d8iZRNgjLHtk0YuTZ2Grua4gqjv4Da51AL8
1403,eyJhbGciOiJIUzI1NiJ9.eyJ1c2VySWQiOjE0MDMsImlhdCI6MTc1NTc4NTM1NSwiZXhwIjoxNzU1ODcxNzU1fQ.t76xiyUpEpeYedFgOfkqyvUI1YeTmbipZQSUtQC5in8
1404,eyJhbGciOiJIUzI1NiJ9.eyJ1c2VySWQiOjE0MDQsImlhdCI6MTc1NTc4NTM1NiwiZXhwIjoxNzU1ODcxNzU2fQ.7-8perKvO_wgn3rCNA7GIWxlgTAL51nW9GNNzX0C48o
1405,eyJhbGciOiJIUzI1NiJ9.eyJ1c2VySWQiOjE0MDUsImlhdCI6MTc1NTc4NTM1NiwiZXhwIjoxNzU1ODcxNzU2fQ.xZTP9qGYyvHLQCmwlymXg9FfvrbLC-5ZAdioE8iQC4w
1406,eyJhbGciOiJIUzI1NiJ9.eyJ1c2VySWQiOjE0MDYsImlhdCI6MTc1NTc4NTM1NiwiZXhwIjoxNzU1ODcxNzU2fQ.9gfOhv_eYGtP8Fmozzc7gntKcpY8IJ0NwrOTYIch3To
1407,eyJhbGciOiJIUzI1NiJ9.eyJ1c2VySWQiOjE0MDcsImlhdCI6MTc1NTc4NTM1NiwiZXhwIjoxNzU1ODcxNzU2fQ.xpAFTkBrNBnKMYdzwzL7FgcUPxcAFhB8frDoWzjtpA8
1408,eyJhbGciOiJIUzI1NiJ9.eyJ1c2VySWQiOjE0MDgsImlhdCI6MTc1NTc4NTM1NiwiZXhwIjoxNzU1ODcxNzU2fQ.YFVfhn7EwLHKjR2-Xqf5oERsymF-ruv9r4rLFgadivE
1409,eyJhbGciOiJIUzI1NiJ9.eyJ1c2VySWQiOjE0MDksImlhdCI6MTc1NTc4NTM1NiwiZXhwIjoxNzU1ODcxNzU2fQ.GMhTPyuLATnc1PumRrSU8woHKaMCWcv3RPOEP7vAD_Q
1410,eyJhbGciOiJIUzI1NiJ9.eyJ1c2VySWQiOjE0MTAsImlhdCI6MTc1NTc4NTM1NiwiZXhwIjoxNzU1ODcxNzU2fQ.yopKC7De-VNSxwfY8qzCLlmdW3Y1r8w8qcSNmt32baA
1411,eyJhbGciOiJIUzI1NiJ9.eyJ1c2VySWQiOjE0MTEsImlhdCI6MTc1NTc4NTM1NywiZXhwIjoxNzU1ODcxNzU3fQ.ha1eXuiHxsdNvbwD9WzSflsGBclRpsqkBDW2E__EvkE
1412,eyJhbGciOiJIUzI1NiJ9.eyJ1c2VySWQiOjE0MTIsImlhdCI6MTc1NTc4NTM1NywiZXhwIjoxNzU1ODcxNzU3fQ.s97VtiBPjswnEyopq45ZiAQOIGqapp1IytZleo-QVOo
1413,eyJhbGciOiJIUzI1NiJ9.eyJ1c2VySWQiOjE0MTMsImlhdCI6MTc1NTc4NTM1NywiZXhwIjoxNzU1ODcxNzU3fQ.eQ54MowWiXXrSBQMY8kgyD1GDs9qNXMrbc8hSFReqvY
1414,eyJhbGciOiJIUzI1NiJ9.eyJ1c2VySWQiOjE0MTQsImlhdCI6MTc1NTc4NTM1NywiZXhwIjoxNzU1ODcxNzU3fQ.jzK0GdoJp5B1aBhHdsLFeCBs5JjZ2bEL5Duh76cG2ns
1415,eyJhbGciOiJIUzI1NiJ9.eyJ1c2VySWQiOjE0MTUsImlhdCI6MTc1NTc4NTM1NywiZXhwIjoxNzU1ODcxNzU3fQ.lGkSscCDK9HUyZ4VRttScHqxsjl44S_WYD3vPL9ipsw
1416,eyJhbGciOiJIUzI1NiJ9.eyJ1c2VySWQiOjE0MTYsImlhdCI6MTc1NTc4NTM1NywiZXhwIjoxNzU1ODcxNzU3fQ.MCnNZjkRpxnU4QxoDJ2_dwSEP4gscj31-0rB3pf6ypo
1417,eyJhbGciOiJIUzI1NiJ9.eyJ1c2VySWQiOjE0MTcsImlhdCI6MTc1NTc4NTM1NywiZXhwIjoxNzU1ODcxNzU3fQ.oZiK5z6e1P0TSPXku6_yn67bs55LxiTJZSgw8oHDLPc
1418,eyJhbGciOiJIUzI1NiJ9.eyJ1c2VySWQiOjE0MTgsImlhdCI6MTc1NTc4NTM1NywiZXhwIjoxNzU1ODcxNzU3fQ.vwMiPmIr0LF5Ad238naIr_h5Kajk5D5bNoIfkd_PDvY
1419,eyJhbGciOiJIUzI1NiJ9.eyJ1c2VySWQiOjE0MTksImlhdCI6MTc1NTc4NTM1OCwiZXhwIjoxNzU1ODcxNzU4fQ.ksqeYxfRUiBu1atsveXQE-0b1lD714ky6kKAd4eCLRM
1420,eyJhbGciOiJIUzI1NiJ9.eyJ1c2VySWQiOjE0MjAsImlhdCI6MTc1NTc4NTM1OCwiZXhwIjoxNzU1ODcxNzU4fQ.4YnebSCnmRBF7Oe9X25-cxn_oRR7yWRbqwIJopN32RU
1421,eyJhbGciOiJIUzI1NiJ9.eyJ1c2VySWQiOjE0MjEsImlhdCI6MTc1NTc4NTM1OCwiZXhwIjoxNzU1ODcxNzU4fQ.-5shSeYk1cPDIKT3No1qOvS0V-teDSZVegO9weCfTOY
1422,eyJhbGciOiJIUzI1NiJ9.eyJ1c2VySWQiOjE0MjIsImlhdCI6MTc1NTc4NTM1OCwiZXhwIjoxNzU1ODcxNzU4fQ.7UQahQDBLZGmRDA4PmZxXq4hxrn3s0YGqdmaujvWNBU
1423,eyJhbGciOiJIUzI1NiJ9.eyJ1c2VySWQiOjE0MjMsImlhdCI6MTc1NTc4NTM1OCwiZXhwIjoxNzU1ODcxNzU4fQ.pdxffFaE8i5g9cUB4UfQ8CFeCcCV1d3wQR3zDhI30oQ
1424,eyJhbGciOiJIUzI1NiJ9.eyJ1c2VySWQiOjE0MjQsImlhdCI6MTc1NTc4NTM1OCwiZXhwIjoxNzU1ODcxNzU4fQ.Zr6ibYYHkWgiKxIttpH0-sQo3N2SLLQqE1ufavIzMCw
1425,eyJhbGciOiJIUzI1NiJ9.eyJ1c2VySWQiOjE0MjUsImlhdCI6MTc1NTc4NTM1OCwiZXhwIjoxNzU1ODcxNzU4fQ.5Oc5L2y13MToRGRLcV6WHYHkcLCh5EG7pY61_iOVuXM
1426,eyJhbGciOiJIUzI1NiJ9.eyJ1c2VySWQiOjE0MjYsImlhdCI6MTc1NTc4NTM1OCwiZXhwIjoxNzU1ODcxNzU4fQ.riNy7WPFOFINS4aZVXvg5JFqaFNSq1CMzBLVRchiYAA
1427,eyJhbGciOiJIUzI1NiJ9.eyJ1c2VySWQiOjE0MjcsImlhdCI6MTc1NTc4NTM1OSwiZXhwIjoxNzU1ODcxNzU5fQ.MTbAmSXhr2qb2QEjXMWRA0RHcemJFTKJQTpD0_DTsjk
1428,eyJhbGciOiJIUzI1NiJ9.eyJ1c2VySWQiOjE0MjgsImlhdCI6MTc1NTc4NTM1OSwiZXhwIjoxNzU1ODcxNzU5fQ.bhwx5KxChiOKACX4u3DjJko93qCiAXIz1GwI5c2d0Po
1429,eyJhbGciOiJIUzI1NiJ9.eyJ1c2VySWQiOjE0MjksImlhdCI6MTc1NTc4NTM1OSwiZXhwIjoxNzU1ODcxNzU5fQ.SEr4ZKCvTWkTZxC2gJpBS5Vb7XiW-Nd9cMvevBwmPy8
1430,eyJhbGciOiJIUzI1NiJ9.eyJ1c2VySWQiOjE0MzAsImlhdCI6MTc1NTc4NTM1OSwiZXhwIjoxNzU1ODcxNzU5fQ.3k4QZI8puNO1ncsbisf0rTfhMcw7Ju7_pyiH2RyK6to
1431,eyJhbGciOiJIUzI1NiJ9.eyJ1c2VySWQiOjE0MzEsImlhdCI6MTc1NTc4NTM1OSwiZXhwIjoxNzU1ODcxNzU5fQ.Vk89qPp3_5UJehsIZcRhPYc7FlWlvsvPW2-CiUE5iT0
1432,eyJhbGciOiJIUzI1NiJ9.eyJ1c2VySWQiOjE0MzIsImlhdCI6MTc1NTc4NTM1OSwiZXhwIjoxNzU1ODcxNzU5fQ.OiGYF7dfwigTf3QMnRcK0Acp7LkAvg2RqOusa3c4fiE
1433,eyJhbGciOiJIUzI1NiJ9.eyJ1c2VySWQiOjE0MzMsImlhdCI6MTc1NTc4NTM1OSwiZXhwIjoxNzU1ODcxNzU5fQ.GhauMljhJJXfiuVIw89thQEl8dm3DmzRwZeUuKuYRWE
1434,eyJhbGciOiJIUzI1NiJ9.eyJ1c2VySWQiOjE0MzQsImlhdCI6MTc1NTc4NTM2MCwiZXhwIjoxNzU1ODcxNzYwfQ.ON4YXFCoiOtN9aeYwlmCn2nsMnblYz3yNKOt0BW_V1g
1435,eyJhbGciOiJIUzI1NiJ9.eyJ1c2VySWQiOjE0MzUsImlhdCI6MTc1NTc4NTM2MCwiZXhwIjoxNzU1ODcxNzYwfQ.9jdgPm2zdC1nynhVxFBWj03YooN7-e3Pyku_4_s0bUg
1436,eyJhbGciOiJIUzI1NiJ9.eyJ1c2VySWQiOjE0MzYsImlhdCI6MTc1NTc4NTM2MCwiZXhwIjoxNzU1ODcxNzYwfQ.fmE8JaKjLne2CwSC09j0VWLQexG9SF6xXsiHDuBpU44
1437,eyJhbGciOiJIUzI1NiJ9.eyJ1c2VySWQiOjE0MzcsImlhdCI6MTc1NTc4NTM2MCwiZXhwIjoxNzU1ODcxNzYwfQ.Mxmua66wdbLfGStar4RiOQvANmEUUD7vyVWY2EFHs0A
1438,eyJhbGciOiJIUzI1NiJ9.eyJ1c2VySWQiOjE0MzgsImlhdCI6MTc1NTc4NTM2MCwiZXhwIjoxNzU1ODcxNzYwfQ.ZqWRfFq0S6ggHzwaKcRuGZERjaRpC9EU7Rv9OvCUGHk
1439,eyJhbGciOiJIUzI1NiJ9.eyJ1c2VySWQiOjE0MzksImlhdCI6MTc1NTc4NTM2MCwiZXhwIjoxNzU1ODcxNzYwfQ.Vz8KGBEgdYKRTRAemDZWSrns-sQy2DJdgZEpfZsAM6U
1440,eyJhbGciOiJIUzI1NiJ9.eyJ1c2VySWQiOjE0NDAsImlhdCI6MTc1NTc4NTM2MCwiZXhwIjoxNzU1ODcxNzYwfQ.lRLqVUUC8s6nJ-WQPvw7DvAZo6JgOnHty6GkTtE6O9w
1441,eyJhbGciOiJIUzI1NiJ9.eyJ1c2VySWQiOjE0NDEsImlhdCI6MTc1NTc4NTM2MCwiZXhwIjoxNzU1ODcxNzYwfQ.GHkvvuOiQydT6TjN3RCuo3wiRorNJxq_2IAjqePvROQ
1442,eyJhbGciOiJIUzI1NiJ9.eyJ1c2VySWQiOjE0NDIsImlhdCI6MTc1NTc4NTM2MSwiZXhwIjoxNzU1ODcxNzYxfQ.18vG40zCDkPop8dQrNSf0xoSf5fDnJve9gvIP5NJqxs
1443,eyJhbGciOiJIUzI1NiJ9.eyJ1c2VySWQiOjE0NDMsImlhdCI6MTc1NTc4NTM2MSwiZXhwIjoxNzU1ODcxNzYxfQ.Go7TzqPpke8Q6MWh-7xF-_XHjOOT130alPdPoQBo3po
1444,eyJhbGciOiJIUzI1NiJ9.eyJ1c2VySWQiOjE0NDQsImlhdCI6MTc1NTc4NTM2MSwiZXhwIjoxNzU1ODcxNzYxfQ.daUhowh4tYquBz9BIReIVwjUk0JsUAbwUswgB_2Gwh0
1445,eyJhbGciOiJIUzI1NiJ9.eyJ1c2VySWQiOjE0NDUsImlhdCI6MTc1NTc4NTM2MSwiZXhwIjoxNzU1ODcxNzYxfQ.TgDVJDtKMakhuZVPs0oTYZZ6zwZcyQRZtaFUKpmUsjk
1446,eyJhbGciOiJIUzI1NiJ9.eyJ1c2VySWQiOjE0NDYsImlhdCI6MTc1NTc4NTM2MSwiZXhwIjoxNzU1ODcxNzYxfQ.OpvikQOJPE2e_ajocwyRfvxGJEGquLVCnuQ6l7X0fHA
1447,eyJhbGciOiJIUzI1NiJ9.eyJ1c2VySWQiOjE0NDcsImlhdCI6MTc1NTc4NTM2MSwiZXhwIjoxNzU1ODcxNzYxfQ.YEgEC_73Xk2nkpyz_h-kQoqfLKDfBv2a2JXPglJqTmQ
1448,eyJhbGciOiJIUzI1NiJ9.eyJ1c2VySWQiOjE0NDgsImlhdCI6MTc1NTc4NTM2MSwiZXhwIjoxNzU1ODcxNzYxfQ.4xU1yRVg5mPCpvxsmwHW77kizaI7D7pSZIjCHyZYKZc
1449,eyJhbGciOiJIUzI1NiJ9.eyJ1c2VySWQiOjE0NDksImlhdCI6MTc1NTc4NTM2MSwiZXhwIjoxNzU1ODcxNzYxfQ.11wuJj6TPblDYce1kDWOtjaLpRTWj9dmPCV0x0j8Vm4
1450,eyJhbGciOiJIUzI1NiJ9.eyJ1c2VySWQiOjE0NTAsImlhdCI6MTc1NTc4NTM2MiwiZXhwIjoxNzU1ODcxNzYyfQ.0Lb9-xZd87KXWcpHZPytBjreeI52a6jRBDcYlZKfAfA
1451,eyJhbGciOiJIUzI1NiJ9.eyJ1c2VySWQiOjE0NTEsImlhdCI6MTc1NTc4NTM2MiwiZXhwIjoxNzU1ODcxNzYyfQ.jkJdzV3MBxDs3O_eecR_QD8-ZCgWNJZnabqcetJwbAs
1452,eyJhbGciOiJIUzI1NiJ9.eyJ1c2VySWQiOjE0NTIsImlhdCI6MTc1NTc4NTM2MiwiZXhwIjoxNzU1ODcxNzYyfQ.O36ytOu83azZQQFKRvoul3wHaN4jN5FZAftA7BXReQQ
1453,eyJhbGciOiJIUzI1NiJ9.eyJ1c2VySWQiOjE0NTMsImlhdCI6MTc1NTc4NTM2MiwiZXhwIjoxNzU1ODcxNzYyfQ.UaflXOrly_cCPDLHJ-QzV4rPBoW0vi36fDVxKH2BOdE
1454,eyJhbGciOiJIUzI1NiJ9.eyJ1c2VySWQiOjE0NTQsImlhdCI6MTc1NTc4NTM2MiwiZXhwIjoxNzU1ODcxNzYyfQ.5XDmY0ypc7SH_dsIP2XmmUZUjAvWtlLX9OXAkONW2Z8
1455,eyJhbGciOiJIUzI1NiJ9.eyJ1c2VySWQiOjE0NTUsImlhdCI6MTc1NTc4NTM2MiwiZXhwIjoxNzU1ODcxNzYyfQ.RQNKcX9kmAoLIMcb6bXYusNQg-aL3fm86sXgynhOPu8
1456,eyJhbGciOiJIUzI1NiJ9.eyJ1c2VySWQiOjE0NTYsImlhdCI6MTc1NTc4NTM2MiwiZXhwIjoxNzU1ODcxNzYyfQ.CnjeIRmqGONIA3iSUuHsWrAAy-aY0f7C5XphiQNd0KQ
1457,eyJhbGciOiJIUzI1NiJ9.eyJ1c2VySWQiOjE0NTcsImlhdCI6MTc1NTc4NTM2MywiZXhwIjoxNzU1ODcxNzYzfQ.tMTLD18jGBOsHWic9xAIz2apr84TvHHHM-mRyGbU1tA
1458,eyJhbGciOiJIUzI1NiJ9.eyJ1c2VySWQiOjE0NTgsImlhdCI6MTc1NTc4NTM2MywiZXhwIjoxNzU1ODcxNzYzfQ.hwpf7HHWCviwsNNKYvk6-lkdwuMvPtbp0IP-4irar6g
1459,eyJhbGciOiJIUzI1NiJ9.eyJ1c2VySWQiOjE0NTksImlhdCI6MTc1NTc4NTM2MywiZXhwIjoxNzU1ODcxNzYzfQ.5_fbwHqG9rT9E86FC7HbZPBEJcmU7cyxqja1Vz9eVXk
1460,eyJhbGciOiJIUzI1NiJ9.eyJ1c2VySWQiOjE0NjAsImlhdCI6MTc1NTc4NTM2MywiZXhwIjoxNzU1ODcxNzYzfQ.0EoErEkcOXjtZpS83yFFFQC-C9fTIXyN12pPb9wFi3k
1461,eyJhbGciOiJIUzI1NiJ9.eyJ1c2VySWQiOjE0NjEsImlhdCI6MTc1NTc4NTM2MywiZXhwIjoxNzU1ODcxNzYzfQ.F4EooG976Q5wxdxMdcE_blX8ECnUhfQ0DaZD50exbeE
1462,eyJhbGciOiJIUzI1NiJ9.eyJ1c2VySWQiOjE0NjIsImlhdCI6MTc1NTc4NTM2MywiZXhwIjoxNzU1ODcxNzYzfQ.iTjGuVxkaJ_S06mW_8Jn0_TmPVhdCFaO1fdd0LvOGqg
1463,eyJhbGciOiJIUzI1NiJ9.eyJ1c2VySWQiOjE0NjMsImlhdCI6MTc1NTc4NTM2MywiZXhwIjoxNzU1ODcxNzYzfQ.SejdxhqeXfAZ8-4yFdvqA_Us38T0YCGKSU7C7XoymSQ
1464,eyJhbGciOiJIUzI1NiJ9.eyJ1c2VySWQiOjE0NjQsImlhdCI6MTc1NTc4NTM2MywiZXhwIjoxNzU1ODcxNzYzfQ.wsL_CST_wGcLFuX4RtFce3nB_MaF-2CIvGhp7B8ExHA
1465,eyJhbGciOiJIUzI1NiJ9.eyJ1c2VySWQiOjE0NjUsImlhdCI6MTc1NTc4NTM2NCwiZXhwIjoxNzU1ODcxNzY0fQ.vDqgGHojR1om3M6ZToZjn0Z6BiXZtEprdA9mNbd2JO4
1466,eyJhbGciOiJIUzI1NiJ9.eyJ1c2VySWQiOjE0NjYsImlhdCI6MTc1NTc4NTM2NCwiZXhwIjoxNzU1ODcxNzY0fQ.YjHn99xIg4xt1aFP1GvoR4OXCkJQtGr6hBbl448dt3A
1467,eyJhbGciOiJIUzI1NiJ9.eyJ1c2VySWQiOjE0NjcsImlhdCI6MTc1NTc4NTM2NCwiZXhwIjoxNzU1ODcxNzY0fQ.1M7Z4SJs9Do9FTu_ao1D26H6MJI7VawPaevRvE8SaCM
1468,eyJhbGciOiJIUzI1NiJ9.eyJ1c2VySWQiOjE0NjgsImlhdCI6MTc1NTc4NTM2NCwiZXhwIjoxNzU1ODcxNzY0fQ.xU-PqBJnlQWQ4EIYJg5N1Dvg7RYfY7JtZPsv_haqX7c
1469,eyJhbGciOiJIUzI1NiJ9.eyJ1c2VySWQiOjE0NjksImlhdCI6MTc1NTc4NTM2NCwiZXhwIjoxNzU1ODcxNzY0fQ.j4sOIp32uoaepc_B2zAbmj5Sis7Im8K55AFpVc2-6oA
1470,eyJhbGciOiJIUzI1NiJ9.eyJ1c2VySWQiOjE0NzAsImlhdCI6MTc1NTc4NTM2NCwiZXhwIjoxNzU1ODcxNzY0fQ.e-_lJV_cbWi6XOZmg1Am25558zIR_ALhPbdl7TC_Sk0
1471,eyJhbGciOiJIUzI1NiJ9.eyJ1c2VySWQiOjE0NzEsImlhdCI6MTc1NTc4NTM2NCwiZXhwIjoxNzU1ODcxNzY0fQ.SBA82MthXeWx_LINzmbxN7pKelUH30DpYFXZ1mqYOgQ
1472,eyJhbGciOiJIUzI1NiJ9.eyJ1c2VySWQiOjE0NzIsImlhdCI6MTc1NTc4NTM2NCwiZXhwIjoxNzU1ODcxNzY0fQ.SZR-bJ4T8llVltLdXfhaThE7LiOZvpDZzHvCbQdWdbU
1473,eyJhbGciOiJIUzI1NiJ9.eyJ1c2VySWQiOjE0NzMsImlhdCI6MTc1NTc4NTM2NSwiZXhwIjoxNzU1ODcxNzY1fQ.q9DnGmf8hJ8O-kKr2zU03Hw1N7B8EKEZh6ChIl3aRyw
1474,eyJhbGciOiJIUzI1NiJ9.eyJ1c2VySWQiOjE0NzQsImlhdCI6MTc1NTc4NTM2NSwiZXhwIjoxNzU1ODcxNzY1fQ.8jTWpnzL5EWCbH_o1W_Y5XLWTiE7L32f2F-hCp8fIA0
1475,eyJhbGciOiJIUzI1NiJ9.eyJ1c2VySWQiOjE0NzUsImlhdCI6MTc1NTc4NTM2NSwiZXhwIjoxNzU1ODcxNzY1fQ.A54wZGPrqq5W2d3Hv05v1c4z80IBIM6HhW4LWgZd8Tw
1476,eyJhbGciOiJIUzI1NiJ9.eyJ1c2VySWQiOjE0NzYsImlhdCI6MTc1NTc4NTM2NSwiZXhwIjoxNzU1ODcxNzY1fQ.8PyrA_Nz6GXNFHJ8_9_-BYoeFy-CqnXRnONy-NODFSc
1477,eyJhbGciOiJIUzI1NiJ9.eyJ1c2VySWQiOjE0NzcsImlhdCI6MTc1NTc4NTM2NSwiZXhwIjoxNzU1ODcxNzY1fQ.Pb7enORj83_yFDwiHibzLT3CfSZeST8tTDgqgRdm-s0
1478,eyJhbGciOiJIUzI1NiJ9.eyJ1c2VySWQiOjE0NzgsImlhdCI6MTc1NTc4NTM2NSwiZXhwIjoxNzU1ODcxNzY1fQ.flKZSxs-WJzw1qNjCYeTbdDkXmz2s0D6RewbgcwR2No
1479,eyJhbGciOiJIUzI1NiJ9.eyJ1c2VySWQiOjE0NzksImlhdCI6MTc1NTc4NTM2NSwiZXhwIjoxNzU1ODcxNzY1fQ._YcxR7kU2g6D27D-NJLc4jZzeoEJQQkOB6sAsAlAq70
1480,eyJhbGciOiJIUzI1NiJ9.eyJ1c2VySWQiOjE0ODAsImlhdCI6MTc1NTc4NTM2NSwiZXhwIjoxNzU1ODcxNzY1fQ.LtjeBIw5bxNnz9dq0FyNJTK8kidHtsxKOdhfK2B67qQ
1481,eyJhbGciOiJIUzI1NiJ9.eyJ1c2VySWQiOjE0ODEsImlhdCI6MTc1NTc4NTM2NiwiZXhwIjoxNzU1ODcxNzY2fQ.g-n5AyNc2ZJUe6zsIFP_IqCTeLytRpM_uMuI7BXI8v8
1482,eyJhbGciOiJIUzI1NiJ9.eyJ1c2VySWQiOjE0ODIsImlhdCI6MTc1NTc4NTM2NiwiZXhwIjoxNzU1ODcxNzY2fQ.6Mk-wLS-8WYTdTzXk5XOGV8qTKRtexyWroZNkrsLSAU
1483,eyJhbGciOiJIUzI1NiJ9.eyJ1c2VySWQiOjE0ODMsImlhdCI6MTc1NTc4NTM2NiwiZXhwIjoxNzU1ODcxNzY2fQ.4woNBuFh74PmVtUPpVRJX-6kJ7DBEeqWPZo6MvYEUNI
1484,eyJhbGciOiJIUzI1NiJ9.eyJ1c2VySWQiOjE0ODQsImlhdCI6MTc1NTc4NTM2NiwiZXhwIjoxNzU1ODcxNzY2fQ.-VY1zWtfJa9iTyFGFmSzQfpJh2S2Swm0Ouai5FeoXKs
1485,eyJhbGciOiJIUzI1NiJ9.eyJ1c2VySWQiOjE0ODUsImlhdCI6MTc1NTc4NTM2NiwiZXhwIjoxNzU1ODcxNzY2fQ.Yn9upxg_Mb6j66Wq7VFXr9V7PeiL_HsbLREmlcVcPB4
1486,eyJhbGciOiJIUzI1NiJ9.eyJ1c2VySWQiOjE0ODYsImlhdCI6MTc1NTc4NTM2NiwiZXhwIjoxNzU1ODcxNzY2fQ.LBYGBP30lK56gcQimbgTBZgwttGMxfD8b5yujrPxcb8
1487,eyJhbGciOiJIUzI1NiJ9.eyJ1c2VySWQiOjE0ODcsImlhdCI6MTc1NTc4NTM2NiwiZXhwIjoxNzU1ODcxNzY2fQ.Nie-INNZofwuk-v_lHm3ahCy5vHdQakUljeuUQFsC2U
1488,eyJhbGciOiJIUzI1NiJ9.eyJ1c2VySWQiOjE0ODgsImlhdCI6MTc1NTc4NTM2NywiZXhwIjoxNzU1ODcxNzY3fQ.8C1Sj1NOCsELbI0Dvz9iTjo2kObt36hnu0HZdRFkL0k
1489,eyJhbGciOiJIUzI1NiJ9.eyJ1c2VySWQiOjE0ODksImlhdCI6MTc1NTc4NTM2NywiZXhwIjoxNzU1ODcxNzY3fQ.Up6pJGYKIurZI3dxP-GJufHUSRRJpdrbibmeiJoGPyo
1490,eyJhbGciOiJIUzI1NiJ9.eyJ1c2VySWQiOjE0OTAsImlhdCI6MTc1NTc4NTM2NywiZXhwIjoxNzU1ODcxNzY3fQ.HRx6OK8FGCNkEIopaDmnOqrLG04JJeh3rOXOp3tjBgU
1491,eyJhbGciOiJIUzI1NiJ9.eyJ1c2VySWQiOjE0OTEsImlhdCI6MTc1NTc4NTM2NywiZXhwIjoxNzU1ODcxNzY3fQ.wlm43mHLmd8Q8tEc4HXo5IjBUw9xNJlNf9Fvt66iglg
1492,eyJhbGciOiJIUzI1NiJ9.eyJ1c2VySWQiOjE0OTIsImlhdCI6MTc1NTc4NTM2NywiZXhwIjoxNzU1ODcxNzY3fQ.llV34QIVb9A_VZmeVU-82hTz3DARp8lR8vXD7xNPR0g
1493,eyJhbGciOiJIUzI1NiJ9.eyJ1c2VySWQiOjE0OTMsImlhdCI6MTc1NTc4NTM2NywiZXhwIjoxNzU1ODcxNzY3fQ.3ZgDnZW0Dwa58xgKn51cU3RIV47ADwSuev9zIrIR1Kc
1494,eyJhbGciOiJIUzI1NiJ9.eyJ1c2VySWQiOjE0OTQsImlhdCI6MTc1NTc4NTM2NywiZXhwIjoxNzU1ODcxNzY3fQ.4dsAQa94juXh1zX7VtFrU0MiyAy-_ia7OaIUuuRw-7U
1495,eyJhbGciOiJIUzI1NiJ9.eyJ1c2VySWQiOjE0OTUsImlhdCI6MTc1NTc4NTM2NywiZXhwIjoxNzU1ODcxNzY3fQ.-2D8cBNTgXEzqiCS2H5y9QOuI-tPpqHdwaSkRLha6dc
1496,eyJhbGciOiJIUzI1NiJ9.eyJ1c2VySWQiOjE0OTYsImlhdCI6MTc1NTc4NTM2OCwiZXhwIjoxNzU1ODcxNzY4fQ.YwgNF4zm7N1PtfdaXwgQxPFwZOApJh-f3eDWmC4sepE
1497,eyJhbGciOiJIUzI1NiJ9.eyJ1c2VySWQiOjE0OTcsImlhdCI6MTc1NTc4NTM2OCwiZXhwIjoxNzU1ODcxNzY4fQ.qYVlCWhvNIArPGsGTvChtNU187ZxyG3rH1t-PWARw1o
1498,eyJhbGciOiJIUzI1NiJ9.eyJ1c2VySWQiOjE0OTgsImlhdCI6MTc1NTc4NTM2OCwiZXhwIjoxNzU1ODcxNzY4fQ.1JERuihOwMiP916By74gkC6b7_tBKI6VkeoYfMR2bz8
1499,eyJhbGciOiJIUzI1NiJ9.eyJ1c2VySWQiOjE0OTksImlhdCI6MTc1NTc4NTM2OCwiZXhwIjoxNzU1ODcxNzY4fQ.8lJxqw6t7WTz0L19YxxDHuAPx8CSCGm-aI8wJ0p7RAc
1500,eyJhbGciOiJIUzI1NiJ9.eyJ1c2VySWQiOjE1MDAsImlhdCI6MTc1NTc4NTM2OCwiZXhwIjoxNzU1ODcxNzY4fQ.0YA9xdpGcrEHTdt4LBp9_9zNmOJlmdXbl_yz9OfYcQU
